Comment,Description,Designator,Footprint,LibRef,Quantity,Value

"C0603C104K5RACTU","Capacitor","C1, C2, C3, C4, C5, C13, C14, C16, C18, C19, C20, C21, C22, C25, C26_AFE1, C26_AFE2, C26_AFE3, C26_AFE4, C26_AFE5, C26_AFE6, C36","CAPC1608X95N","C0603C104K5RACTU","21","100n"
"C1206C105M5RECTU","Capacitor","C6, C8, C10","CAPC3216X130N","C1206C105M5RECTU","3","1uF"
"CBR06C569B5GAC","Capacitor","C7, C11","CAPC1608X87N","CBR06C569B5GAC","2","5.6pF"
"C0805C225K4REC7210","Capacitor","C9","CAPC2012X140N","C0805C225K4REC7210","1","2.2uF"
"C0805C475M4PACTU","Capacitor","C12","CAPC2012X140N","C0805C475J4RACAUTO","1","4.7uF"
"C5750JB2A475M230KA","Capacitor","C15, C31","CAPC5750X310N","C5750X7R2A475K230KA","2","4.7u"
"C1206C106K4RACTU","Capacitor","C17, C32","C1206","C1206C106K4RACTU","2","10u"
"C0603C474K4PACTU","Capacitor","C23, C33","CAPC1608X95N","C0603C104K5RACTU","2","470n"
"C0603C472J5RACTU","Capacitor","C24, C27, C28","CAPC1608X95N","C0603C104K5RACTU","3","4.7n"
"C0603C105K4RACTU","Capacitor","C29","CAPC1608X95N","C0603C104K5RACTU","1","1u"
"C0603C224K8RAC7411","Capacitor","C30","CAPC1608X95N","C0603C104K5RACTU","1","220n"
"C1206J225J4RACAUTO","Capacitor","C34","C1206","C1206C106K4RACTU","1","2.2u"
"C0603C103K5RACTU","Capacitor","C35","CAPC1608X95N","C0603C104K5RACTU","1","10n"
"BZG03C33-HM3-08","Diode","D1","DIOM5127X229N","BZG03C33-HM3-08","1",""
"LS L29K-G1J2-1-Z","LED RED DIFFUSED 0603 SMD","D2, D3","FP-LS_L29K-MFG","CMP-62016-000014-1","2",""
"0451020.MRL","Fuse","F1_HV, F1_LV","FUSC6127X294N","0451020.MRL","2",""
"ICM-42670-P","Integrated Circuit","IC1","ICM42670P","ICM-42670-P","1",""
"MT25QL512ABB8ESF-0AAT","Integrated Circuit","IC2","SOIC127P1032X265-16N","MT25QL512ABB8ESF-0AAT","1",""
"CD74HC137PWR","Integrated Circuit","IC3","SOP65P640X120-16N","CD74HC137PWR","1",""
"INA239AQDGSRQ1","Integrated Circuit","IC4_AFE1, IC4_AFE2, IC4_AFE3, IC4_AFE4, IC4_AFE5, IC4_AFE6","SOP50P490X110-10N","INA229AQDGSRQ1","6",""
"SN65HVD232QDR","Integrated Circuit","IC5","SOIC127P600X175-8N","SN65HVD232QDR","1",""
"XT60PW-M","Connector","J1, J3","XT60PWM","XT60PW-M","2",""
"53048-0450","Connector","J2, J5, J6, J7","SHDRRA4W35P0X125_1X4_675X550X350P","53048-0450","4",""
"FTSH-107-01-F-DV","Connector","J4","FTSH-107-XX-YYY-DV","FTSH-107-01-F-DV","1",""
"ERF5-020-07.0-L-DV-K-TR","Connector","J10","ERF5-020-XX.X-Y-DV-K-TR","ERF5-020-07.0-L-DV-K-TR","1",""
"PJ-082BH","Connector","J12_PWR1A1, J12_PWR1A2, J12_PWR1B1, J12_PWR1B2, J12_PWR2A1, J12_PWR2A2, J12_PWR2B1, J12_PWR2B2","PJ082BH","PJ-082BH","8",""
"46562-3001","Connector","J13_HV, J13_LV","465623001","46562-3001","2",""
"505110-3091","Connector","J14","5051103091","505110-3091","1",""
"KRTBDWLM","LED","LED2","KRTBDWLM3232T4U6JWAAABJ3R4S65V","KRTBDWLM32.32-T4U6-JW+AAAB-J3+R4S6-5V","1",""
"RPMB3.3-3.0","Power Supply","PS1","RPMB5030","RPMB5.0-3.0","1",""
"RPMB5.0-2.0","Power Supply","PS2","RPMB5020","RPMB5.0-2.0","1",""
"DMN2004WK-7","MOSFET (N-Channel)","Q5_LED_ST_B, Q5_LED_ST_G, Q5_LED_ST_R","SOT65P210X110-3N","DMN2004WK-7","3",""
"CRCW06031K00JNEAC","Resistor","R1, R19","RESC1608X55N","CRCW06031K00JNEAC","2","1k"
"CRCW060333R0JNEAC","Resistor","R2, R14","RESC1608X50N","CRCW0603931RFKEA","2","33"
"CRCW06031K00FKECC","Resistor","R3, R4, R5","RESC1608X50N","CRCW0603931RFKEA","3","1k"
"CRCW06032K00JNEB","Resistor","R6, R7, R8","RESC1608X50N","CRCW0603931RFKEA","3","2k"
"TNPW0603100KBEEA","Resistor","R9_DIV1, R9_DIV2","RESC1608X55N","TNPW0603100KBEEA","2","100k"
"TNPW06033K00BEEA","Resistor","R10_DIV1, R10_DIV2","RESC1608X55N","TNPW06033K00BEEA","2","3k"
"PCS2512FR0010ET","Resistor","R11_AFE1, R11_AFE2, R11_AFE3, R11_AFE4, R11_AFE5, R11_AFE6","RESC6430X90N","PCS2512FR0010ET","6","1m"
"CRCW060310K2FKEA","Resistor","R12, R22","RESC1608X50N","CRCW0603931RFKEA","2","10k"
"CRCW060320K0FKEAC","Resistor","R13, R21","RESC1608X50N","CRCW0603931RFKEA","2","20k"
"CRCW060347K0FKEAC","Resistor","R15","RESC1608X50N","CRCW0603931RFKEA","1","47k"
"CRCW060320R0FKEAC","Resistor","R16","RESC1608X55N","CRCW060320R0FKEAC","1","20"
"CRCW060310R0JNEAC","Resistor","R17, R18","RESC1608X55N","CRCW060310R0FKEAC","2","10"
"CRCW060349K9FKEAC","Resistor","R20_LED_ST_B, R20_LED_ST_G, R20_LED_ST_R","RESC1608X55N","CRCW06031K00JNEAC","3","1k"
"BOOT","Switch","S1","LL3301FF065QJ","LL3301AF065QJ","1",""
"RESET","Switch","S2","LL3301FF065QJ","LL3301AF065QJ","1",""
"STM32H750VBT6","IC MCU 32BIT 128KB FLASH 100LQFP","U1","FP-LQFP100-1L-MFG","CMP-12105-000017-1","1",""
"SN74LVC1G125DBVR","Single Bus Buffer Gate With 3-State Outputs, DBV0005A, LARGE T&R","U2","DBV0005A_M","CMP-0859-00019-3","1",""
"TPA6205A1DGN","1.25-W Mono, Fully Differential, Class-AB Audio Amplifier with 1.8 V Compatible Shutdown Voltage, -40 to 85 degC, 8-pin SOP (DGN8), Green (RoHS & no Sb/Br)","U3","DGN0008D_N","CMP-0991-00073-2","1",""
"NX3225SA-30.000M-STD-CSR-3","Crystal or Oscillator","Y1","NX2520SA192MHzEXS00ACS05400","NX2520SA-25.000M-STD-CSW-5","1",""
