<?xml version="1.0" encoding="utf-8"?>
<!--/289146/986527/2.50/10/4/Connector/-->
<quadcept_library>
  <setting unit="mil" />
  <textstyle name="Default" height="47.244094488189" strokewidth="7.8740157480315" charwidth="47.244094488189" />
  <textstyle name="Dimension" height="19.6850393700787" strokewidth="0" charwidth="19.6850393700787" />
  <textstyle name="H127W0635TH00762" height="50" strokewidth="3" charwidth="25" />
  <textstyle name="H15W15TH02" height="59.0551181102362" strokewidth="7.8740157480315" charwidth="59.0551181102362" />
  <padstyle name="r290_80" surface="True" plated="False" isvia="False" nopaste="False" nomask="True" complex="False" holesize="0">
    <padshape layer="TOP" shape="rectangle" width="31.496062992126" height="114.17322834646" />
    <padshape layer="TOP_SOLDER_MASK" shape="rectangle" width="39.370078740157" height="122.04724409449" />
    <padshape layer="TOP_SOLDER_PASTE" shape="rectangle" width="31.496062992126" height="114.17322834646" />
  </padstyle>
  <padstyle name="r380_180" surface="True" plated="False" isvia="False" nopaste="False" nomask="True" complex="False" holesize="0">
    <padshape layer="TOP" shape="rectangle" width="70.866141732283" height="149.6062992126" />
    <padshape layer="TOP_SOLDER_MASK" shape="rectangle" width="78.740157480314" height="157.48031496063" />
    <padshape layer="TOP_SOLDER_PASTE" shape="rectangle" width="70.866141732283" height="149.6062992126" />
  </padstyle>
  <footprint name="5025850870" originx="0" originy="0" pickpointx="0" pickpointy="0">
    <pcbpin number="1" name="1" style="r290_80" originx="-206.69291338582" originy="122.04724409449" rotation="0" />
    <pcbpin number="2" name="2" style="r290_80" originx="-147.63779527559" originy="122.04724409449" rotation="0" />
    <pcbpin number="3" name="3" style="r290_80" originx="-88.582677165353" originy="122.04724409449" rotation="0" />
    <pcbpin number="4" name="4" style="r290_80" originx="-29.527559055118" originy="122.04724409449" rotation="0" />
    <pcbpin number="5" name="5" style="r290_80" originx="29.527559055118" originy="122.04724409449" rotation="0" />
    <pcbpin number="6" name="6" style="r290_80" originx="88.582677165353" originy="122.04724409449" rotation="0" />
    <pcbpin number="7" name="7" style="r290_80" originx="147.63779527559" originy="122.04724409449" rotation="0" />
    <pcbpin number="8" name="8" style="r290_80" originx="206.69291338582" originy="122.04724409449" rotation="0" />
    <pcbpin number="9" name="MP1" style="r380_180" originx="-309.05511811023" originy="-62.992125984251" rotation="0" />
    <pcbpin number="10" name="MP2" style="r380_180" originx="309.05511811023" originy="-62.992125984251" rotation="0" />
    <line layer="TOP_ASSEMBLY" originx="-320.86614173228" originy="94.488188976377" endx="320.86614173228" endy="94.488188976377" width="7.8740157480314" />
    <line layer="TOP_ASSEMBLY" originx="320.86614173228" originy="94.488188976377" endx="320.86614173228" endy="-190.94488188976" width="7.8740157480314" />
    <line layer="TOP_ASSEMBLY" originx="320.86614173228" originy="-190.94488188976" endx="-320.86614173228" endy="-190.94488188976" width="7.8740157480314" />
    <line layer="TOP_ASSEMBLY" originx="-320.86614173228" originy="-190.94488188976" endx="-320.86614173228" endy="94.488188976377" width="7.8740157480314" />
    <line layer="TOP_PLACE_BOUND" originx="-383.85826771653" originy="230.31496062992" endx="383.85826771653" endy="230.31496062992" width="3.9370078740157" />
    <line layer="TOP_PLACE_BOUND" originx="383.85826771653" originy="230.31496062992" endx="383.85826771653" endy="-230.31496062992" width="3.9370078740157" />
    <line layer="TOP_PLACE_BOUND" originx="383.85826771653" originy="-230.31496062992" endx="-383.85826771653" endy="-230.31496062992" width="3.9370078740157" />
    <line layer="TOP_PLACE_BOUND" originx="-383.85826771653" originy="-230.31496062992" endx="-383.85826771653" endy="230.31496062992" width="3.9370078740157" />
    <line layer="TOP_SILKSCREEN" originx="-236.22047244094" originy="94.488188976377" endx="-320.86614173228" endy="94.488188976377" width="3.9370078740157" />
    <line layer="TOP_SILKSCREEN" originx="-320.86614173228" originy="94.488188976377" endx="-320.86614173228" endy="35.433070866141" width="3.9370078740157" />
    <line layer="TOP_SILKSCREEN" originx="236.22047244094" originy="94.488188976377" endx="320.86614173228" endy="94.488188976377" width="3.9370078740157" />
    <line layer="TOP_SILKSCREEN" originx="320.86614173228" originy="94.488188976377" endx="320.86614173228" endy="35.433070866141" width="3.9370078740157" />
    <line layer="TOP_SILKSCREEN" originx="320.86614173228" originy="-161.41732283464" endx="320.86614173228" endy="-190.94488188976" width="3.9370078740157" />
    <line layer="TOP_SILKSCREEN" originx="320.86614173228" originy="-190.94488188976" endx="-320.86614173228" endy="-190.94488188976" width="3.9370078740157" />
    <line layer="TOP_SILKSCREEN" originx="-320.86614173228" originy="-190.94488188976" endx="-320.86614173228" endy="-161.41732283464" width="3.9370078740157" />
    <line layer="TOP_SILKSCREEN" originx="-208.66141732283" originy="188.97637795275" endx="-208.66141732283" endy="188.97637795275" width="3.9370078740157" />
    <arc layer="TOP_SILKSCREEN" originx="-206.69291338582" originy="188.97637795275" startangle="180.0" sweepangle="-180.0" radius="1.9685039370078" width="3.9370078740157" />
    <line layer="TOP_SILKSCREEN" originx="-204.72440944882" originy="188.97637795275" endx="-204.72440944882" endy="188.97637795275" width="3.9370078740157" />
    <arc layer="TOP_SILKSCREEN" originx="-206.69291338582" originy="188.97637795275" startangle=".0" sweepangle="-180.0" radius="1.9685039370078" width="3.9370078740157" />
  </footprint>
  <symbol name="502585-0870" originx="0" originy="0">
    <line originx="200" originy="100" endx="700" endy="100" width="0" />
    <line originx="700" originy="-800" endx="700" endy="100" width="0" />
    <line originx="700" originy="-800" endx="200" endy="-800" width="0" />
    <line originx="200" originy="100" endx="200" endy="-800" width="0" />
    <sympin number="1" originx="700" originy="0" rotation="0" length="100" width="7.8740157480315" flipped="False">
      <text name="pinname" originx="670" originy="0" style="Default" rotation="0" justify="right" flipped="False" hidden="False" data="1" />
      <text name="pindes" originx="760" originy="20" style="Default" rotation="0" justify="lowerleft" flipped="False" hidden="False" data="1" />
    </sympin>
    <sympin number="2" originx="700" originy="-100" rotation="0" length="100" width="7.8740157480315" flipped="False">
      <text name="pinname" originx="670" originy="-100" style="Default" rotation="0" justify="right" flipped="False" hidden="False" data="2" />
      <text name="pindes" originx="760" originy="-80" style="Default" rotation="0" justify="lowerleft" flipped="False" hidden="False" data="2" />
    </sympin>
    <sympin number="3" originx="700" originy="-200" rotation="0" length="100" width="7.8740157480315" flipped="False">
      <text name="pinname" originx="670" originy="-200" style="Default" rotation="0" justify="right" flipped="False" hidden="False" data="3" />
      <text name="pindes" originx="760" originy="-180" style="Default" rotation="0" justify="lowerleft" flipped="False" hidden="False" data="3" />
    </sympin>
    <sympin number="4" originx="700" originy="-300" rotation="0" length="100" width="7.8740157480315" flipped="False">
      <text name="pinname" originx="670" originy="-300" style="Default" rotation="0" justify="right" flipped="False" hidden="False" data="4" />
      <text name="pindes" originx="760" originy="-280" style="Default" rotation="0" justify="lowerleft" flipped="False" hidden="False" data="4" />
    </sympin>
    <sympin number="5" originx="700" originy="-400" rotation="0" length="100" width="7.8740157480315" flipped="False">
      <text name="pinname" originx="670" originy="-400" style="Default" rotation="0" justify="right" flipped="False" hidden="False" data="5" />
      <text name="pindes" originx="760" originy="-380" style="Default" rotation="0" justify="lowerleft" flipped="False" hidden="False" data="5" />
    </sympin>
    <sympin number="6" originx="700" originy="-500" rotation="0" length="100" width="7.8740157480315" flipped="False">
      <text name="pinname" originx="670" originy="-500" style="Default" rotation="0" justify="right" flipped="False" hidden="False" data="6" />
      <text name="pindes" originx="760" originy="-480" style="Default" rotation="0" justify="lowerleft" flipped="False" hidden="False" data="6" />
    </sympin>
    <sympin number="7" originx="700" originy="-600" rotation="0" length="100" width="7.8740157480315" flipped="False">
      <text name="pinname" originx="670" originy="-600" style="Default" rotation="0" justify="right" flipped="False" hidden="False" data="7" />
      <text name="pindes" originx="760" originy="-580" style="Default" rotation="0" justify="lowerleft" flipped="False" hidden="False" data="7" />
    </sympin>
    <sympin number="8" originx="700" originy="-700" rotation="0" length="100" width="7.8740157480315" flipped="False">
      <text name="pinname" originx="670" originy="-700" style="Default" rotation="0" justify="right" flipped="False" hidden="False" data="8" />
      <text name="pindes" originx="760" originy="-680" style="Default" rotation="0" justify="lowerleft" flipped="False" hidden="False" data="8" />
    </sympin>
    <sympin number="9" originx="200" originy="0" rotation="180" length="100" width="7.8740157480315" flipped="False">
      <text name="pinname" originx="230" originy="0" style="Default" rotation="0" justify="left" flipped="False" hidden="False" data="MP1" />
      <text name="pindes" originx="140" originy="20" style="Default" rotation="0" justify="lowerright" flipped="False" hidden="False" data="MP1" />
    </sympin>
    <sympin number="10" originx="200" originy="-100" rotation="180" length="100" width="7.8740157480315" flipped="False">
      <text name="pinname" originx="230" originy="-100" style="Default" rotation="0" justify="left" flipped="False" hidden="False" data="MP2" />
      <text name="pindes" originx="140" originy="-80" style="Default" rotation="0" justify="lowerright" flipped="False" hidden="False" data="MP2" />
    </sympin>
  </symbol>
  <component name="502585-0870" designatorprefix="J" height="250" footprint="5025850870">
    <comppin designator="1" sympin="1" pinswap="0" gateswap="0" gate="1" group="1" side="" type="Any" name="1" />
    <comppin designator="2" sympin="2" pinswap="0" gateswap="0" gate="1" group="1" side="" type="Any" name="2" />
    <comppin designator="3" sympin="3" pinswap="0" gateswap="0" gate="1" group="1" side="" type="Any" name="3" />
    <comppin designator="4" sympin="4" pinswap="0" gateswap="0" gate="1" group="1" side="" type="Any" name="4" />
    <comppin designator="5" sympin="5" pinswap="0" gateswap="0" gate="1" group="1" side="" type="Any" name="5" />
    <comppin designator="6" sympin="6" pinswap="0" gateswap="0" gate="1" group="1" side="" type="Any" name="6" />
    <comppin designator="7" sympin="7" pinswap="0" gateswap="0" gate="1" group="1" side="" type="Any" name="7" />
    <comppin designator="8" sympin="8" pinswap="0" gateswap="0" gate="1" group="1" side="" type="Any" name="8" />
    <comppin designator="MP1" sympin="9" pinswap="0" gateswap="0" gate="1" group="1" side="" type="Any" name="MP1" />
    <comppin designator="MP2" sympin="10" pinswap="0" gateswap="0" gate="1" group="1" side="" type="Any" name="MP2" />
    <attached_symbol gate="1" name="502585-0870" />
    <pinmap designator="1" footprintpin="1" />
    <pinmap designator="2" footprintpin="2" />
    <pinmap designator="3" footprintpin="3" />
    <pinmap designator="4" footprintpin="4" />
    <pinmap designator="5" footprintpin="5" />
    <pinmap designator="6" footprintpin="6" />
    <pinmap designator="7" footprintpin="7" />
    <pinmap designator="8" footprintpin="8" />
    <pinmap designator="MP1" footprintpin="9" />
    <pinmap designator="MP2" footprintpin="10" />
    <text name="Datasheet" originx="0" originy="0" style="Default" rotation="0" justify="" flipped="False" hidden="True" data="https://componentsearchengine.com/Datasheets/2/502585-0870.pdf" />
    <text name="Description" originx="0" originy="0" style="Default" rotation="0" justify="" flipped="False" hidden="True" data="MOLEX - 502585-0870 - RECEPTACLE, SIL, 1.5MM, R/A, 8WAY" />
    <text name="Mouser Part Number" originx="0" originy="0" style="Default" rotation="0" justify="" flipped="False" hidden="True" data="538-502585-0870" />
    <text name="Mouser Price/Stock" originx="0" originy="0" style="Default" rotation="0" justify="" flipped="False" hidden="True" data="https://www.mouser.co.uk/ProductDetail/Molex/502585-0870?qs=3OKVfsn1b5BOXCAdpuiwCA%3D%3D" />
    <text name="Manufacturer_Name" originx="0" originy="0" style="Default" rotation="0" justify="" flipped="False" hidden="True" data="Molex" />
    <text name="Manufacturer_Part_Number" originx="750" originy="200" style="Default" rotation="0" justify="left" flipped="False" hidden="False" data="502585-0870" />
  </component>
</quadcept_library>
