Comment,Description,Designator,Footprint,LibRef,Quantity,Value

"C0603C102J5RACTU","Capacitor","C1, C2","CAPC1608X95N","C0603C104K5RACTU","2","1n"
"A750MW687M1VAAE018","Capacitor Polarised","C3, C4, C5, C7, C33","CAPPRD500W65D1000H1800","A750MW687M1VAAE018","5","680u"
"C0603C104K5RACTU","Capacitor","C6, C10, C13, C16, C17, C19, C20, C25, C26, C27_D1, C27_D2, C30, C32","CAPC1608X95N","C0603C104K5RACTU","13","100n"
"C5750X7S2A106K230KB","Capacitor","C8, C9","CAPC5750X310N","C5750X7S2A106K230KB","2","10u"
"C0603C512J5GACAUTO","Capacitor","C11","CAPC1608X87N","C0603C222J5RACAUTO","1","5.1n"
"C0603C362J5GACTU","Capacitor","C12","CAPC1608X87N","C0603C102J5RACTU","1","3.6n"
"C0603C121J5GACTU","Capacitor","C14","CAPC1608X87N","C0603C101J5RACTU","1","120p"
"C0603C151J5GAC","Capacitor","C15","CAPC1608X87N","C0603C101J5RACTU","1","150p"
"C1206X475M5RACAUTO","Capacitor","C18","CAPC3316X195N","C1206X475M5RACAUTO","1","4.7uF"
"T598D336M035ATE065","No Description Available","C21, C22","CAPMP7.6X4.3_3.1N_KEM","T598D336M035ATE065","2","33u"
"C1206C105K5RAC","Capacitor","C23, C24","CAPC3216X110N","C1206C105K5RAC","2","1u"
"C0603C103K5RACTU","Capacitor","C28_D1, C28_D2","CAPC1608X95N","C0603C104K5RACTU","2","10n"
"C3225X7R2A106K250AC","Capacitor","C29_D1, C29_D2","CAPC3225X230N","C3225X7R2A106K250AC","2","10u"
"LTC3892EUH#PBF","Integrated Circuit","IC1","QFN50P500X500X80-33N-D","LTC3892EUH#PBF","1",""
"MCP47FEB02A0-E_ST","Integrated Circuit","IC2","SOP65P640X120-8N","MCP47FEB02A0-E_ST","1",""
"ADUM1251ARZ","Integrated Circuit","IC3","SOIC127P600X175-8N","ADUM1251ARZ","1",""
"LTC4372CMS8#TRPBF","Integrated Circuit","IC4_D1, IC4_D2","SOP65P490X110-8N","LTC4372CMS8#TRPBF","2",""
"SI8640EB-B-IU","Integrated Circuit","IC5","SOP64P600X175-16N","SI8640EB-B-IU","1",""
"46437-3001","Connector","J1","464373001","46437-3001","1",""
"980TR","Connector","J2","980TR","980TR","1",""
"PQ2614BHA-100K","Inductor","L1, L2","PQ2614BLA1R0K","PQ2614BHA-100K","2","10u"
"MCP1799T-3302H_TT","Power Supply","PS1","SOT95P237X112-3N","MCP1799T-3302H_TT","1",""
"BSZ0703LS","MOSFET (N-Channel)","Q1, Q2, Q3, Q4","BSZ011NE2LS5IATMA1","BSZ011NE2LS5IATMA1","4",""
"BSC016N06NSATMA1","MOSFET N-CH 60V 30A TDSON-8","Q5_D1, Q5_D2, Q6_D1, Q6_D2","FP-PG-TDSON-8-MFG","CMP-32901-000166-1","4",""
"CRF2512-FZ-R005ELF","Resistor","R1, R2","RESC6432X80N","CRF2512-FZ-R005ELF","2","5m"
"CRCW0603100KJNEAC","Resistor","R3, R22","RESC1608X55N","CRCW0603100KFKEAC","2","100k"
"CRCW060324K9FKTA","Resistor","R4","RESC1608X50N","CRCW060324K9FKEA","1","24.9k"
"CRCW060322K1FKEB","Resistor","R5, R10, R11, R12, R13, R20, R21","RESC1608X50N","CRCW06037K50FKEB","7","22.1k"
"CRCW060326K7FKEB","Resistor","R6","RESC1608X50N","CRCW060334K0FKEA","1","26.7k"
"CRCW06035K60JNEAC","Resistor","R7, R18, R19, R23","RESC1608X50N","CRCW06035K62FKEB","4","5.6k"
"CRCW06030000ZSTB","Resistor","R8, R9, R14, R15, R16, R17","RESC1608X50N","CRCW06030000ZSTB","6",""
"CRCW060310R0JNEAC","Resistor","R24_D1, R24_D2","RESC1608X55N","CRCW0603100RFKEBC","2","10"
"CRCW06031K00FKECC","Resistor","R25_D1, R25_D2","RESC1608X55N","CRCW0603100RFKEBC","2","1k"
