<?xml version="1.0" encoding="utf-8"?>
<!--/15699302/986527/2.50/9/4/MOSFET (N-Channel)/-->
<quadcept_library>
  <setting unit="mil" />
  <textstyle name="Default" height="47.244094488189" strokewidth="7.8740157480315" charwidth="47.244094488189" />
  <textstyle name="Dimension" height="19.6850393700787" strokewidth="0" charwidth="19.6850393700787" />
  <textstyle name="H127W0635TH00762" height="50" strokewidth="3" charwidth="25" />
  <textstyle name="H15W15TH02" height="59.0551181102362" strokewidth="7.8740157480315" charwidth="59.0551181102362" />
  <padstyle name="r130_128" surface="True" plated="False" isvia="False" nopaste="False" nomask="True" complex="False" holesize="0">
    <padshape layer="TOP" shape="rectangle" width="50.393700787401" height="51.181102362204" />
    <padshape layer="TOP_SOLDER_MASK" shape="rectangle" width="58.267716535432" height="59.055118110235" />
    <padshape layer="TOP_SOLDER_PASTE" shape="rectangle" width="50.393700787401" height="51.181102362204" />
  </padstyle>
  <padstyle name="r69_53.4" surface="True" plated="False" isvia="False" nopaste="False" nomask="True" complex="False" holesize="0">
    <padshape layer="TOP" shape="rectangle" width="21.023622047244" height="27.165354330708" />
    <padshape layer="TOP_SOLDER_MASK" shape="rectangle" width="28.897637795275" height="35.03937007874" />
    <padshape layer="TOP_SOLDER_PASTE" shape="rectangle" width="21.023622047244" height="27.165354330708" />
  </padstyle>
  <padstyle name="r405_70" surface="True" plated="False" isvia="False" nopaste="False" nomask="True" complex="False" holesize="0">
    <padshape layer="TOP" shape="rectangle" width="27.55905511811" height="159.44881889764" />
    <padshape layer="TOP_SOLDER_MASK" shape="rectangle" width="35.433070866141" height="167.32283464567" />
    <padshape layer="TOP_SOLDER_PASTE" shape="rectangle" width="27.55905511811" height="159.44881889764" />
  </padstyle>
  <padstyle name="r682_385" surface="True" plated="False" isvia="False" nopaste="False" nomask="True" complex="False" holesize="0">
    <padshape layer="TOP" shape="rectangle" width="151.5748031496" height="268.50393700787" />
    <padshape layer="TOP_SOLDER_MASK" shape="rectangle" width="159.44881889764" height="276.3779527559" />
    <padshape layer="TOP_SOLDER_PASTE" shape="rectangle" width="151.5748031496" height="268.50393700787" />
  </padstyle>
  <footprint name="SQJQ160ET1_GE3" originx="0" originy="0" pickpointx="0" pickpointy="0">
    <pcbpin number="1" name="1" style="r130_128" originx="-118.11023622047" originy="-153.34645669291" rotation="0" />
    <pcbpin number="2" name="2" style="r130_128" originx="-39.370078740157" originy="-153.34645669291" rotation="0" />
    <pcbpin number="3" name="3" style="r130_128" originx="39.370078740157" originy="-153.34645669291" rotation="0" />
    <pcbpin number="4" name="4" style="r130_128" originx="118.11023622047" originy="-153.34645669291" rotation="0" />
    <pcbpin number="5" name="5" style="r69_53.4" originx="119.2125984252" originy="125.9842519685" rotation="0" />
    <pcbpin number="6" name="6" style="r405_70" originx="85.629921259841" originy="153.34645669291" rotation="90" />
    <pcbpin number="7" name="7" style="r405_70" originx="-85.629921259841" originy="153.34645669291" rotation="90" />
    <pcbpin number="8" name="8" style="r69_53.4" originx="-119.2125984252" originy="125.9842519685" rotation="0" />
    <pcbpin number="9" name="9" style="r682_385" originx="0" originy="36.614173228346" rotation="90" />
    <line layer="TOP_ASSEMBLY" originx="-155.51181102362" originy="122.44094488189" endx="155.51181102362" endy="122.44094488189" width="3.9370078740157" />
    <line layer="TOP_ASSEMBLY" originx="155.51181102362" originy="122.44094488189" endx="155.51181102362" endy="-122.44094488189" width="3.9370078740157" />
    <line layer="TOP_ASSEMBLY" originx="155.51181102362" originy="-122.44094488189" endx="-155.51181102362" endy="-122.44094488189" width="3.9370078740157" />
    <line layer="TOP_ASSEMBLY" originx="-155.51181102362" originy="-122.44094488189" endx="-155.51181102362" endy="122.44094488189" width="3.9370078740157" />
    <line layer="TOP_PLACE_BOUND" originx="-204.72440944882" originy="206.49606299212" endx="204.72440944882" endy="206.49606299212" width="3.9370078740157" />
    <line layer="TOP_PLACE_BOUND" originx="204.72440944882" originy="206.49606299212" endx="204.72440944882" endy="-218.30708661417" width="3.9370078740157" />
    <line layer="TOP_PLACE_BOUND" originx="204.72440944882" originy="-218.30708661417" endx="-204.72440944882" endy="-218.30708661417" width="3.9370078740157" />
    <line layer="TOP_PLACE_BOUND" originx="-204.72440944882" originy="-218.30708661417" endx="-204.72440944882" endy="206.49606299212" width="3.9370078740157" />
    <line layer="TOP_SILKSCREEN" originx="-125.9842519685" originy="-196.85039370078" endx="-125.9842519685" endy="-196.85039370078" width="3.9370078740157" />
    <arc layer="TOP_SILKSCREEN" originx="-124.01574803149" originy="-196.85039370078" startangle="180.0" sweepangle="180.0" radius="1.9685039370078" width="3.9370078740157" />
    <line layer="TOP_SILKSCREEN" originx="-122.04724409449" originy="-196.85039370078" endx="-122.04724409449" endy="-196.85039370078" width="3.9370078740157" />
    <arc layer="TOP_SILKSCREEN" originx="-124.01574803149" originy="-196.85039370078" startangle=".0" sweepangle="180.0" radius="1.9685039370078" width="3.9370078740157" />
    <line layer="TOP_SILKSCREEN" originx="155.51181102362" originy="122.44094488189" endx="155.51181102362" endy="-122.44094488189" width="7.8740157480314" />
    <line layer="TOP_SILKSCREEN" originx="-155.51181102362" originy="122.44094488189" endx="-155.51181102362" endy="-122.44094488189" width="7.8740157480314" />
  </footprint>
  <symbol name="SQJQ160E-T1_GE3" originx="0" originy="0">
    <line originx="200" originy="100" endx="800" endy="100" width="0" />
    <line originx="800" originy="-500" endx="800" endy="100" width="0" />
    <line originx="800" originy="-500" endx="200" endy="-500" width="0" />
    <line originx="200" originy="100" endx="200" endy="-500" width="0" />
    <sympin number="1" originx="200" originy="0" rotation="180" length="100" width="7.8740157480315" flipped="False">
      <text name="pinname" originx="230" originy="0" style="Default" rotation="0" justify="left" flipped="False" hidden="False" data="G" />
      <text name="pindes" originx="140" originy="20" style="Default" rotation="0" justify="lowerright" flipped="False" hidden="False" data="1" />
    </sympin>
    <sympin number="2" originx="200" originy="-100" rotation="180" length="100" width="7.8740157480315" flipped="False">
      <text name="pinname" originx="230" originy="-100" style="Default" rotation="0" justify="left" flipped="False" hidden="False" data="S_1" />
      <text name="pindes" originx="140" originy="-80" style="Default" rotation="0" justify="lowerright" flipped="False" hidden="False" data="2" />
    </sympin>
    <sympin number="3" originx="200" originy="-200" rotation="180" length="100" width="7.8740157480315" flipped="False">
      <text name="pinname" originx="230" originy="-200" style="Default" rotation="0" justify="left" flipped="False" hidden="False" data="S_2" />
      <text name="pindes" originx="140" originy="-180" style="Default" rotation="0" justify="lowerright" flipped="False" hidden="False" data="3" />
    </sympin>
    <sympin number="4" originx="200" originy="-300" rotation="180" length="100" width="7.8740157480315" flipped="False">
      <text name="pinname" originx="230" originy="-300" style="Default" rotation="0" justify="left" flipped="False" hidden="False" data="S_3" />
      <text name="pindes" originx="140" originy="-280" style="Default" rotation="0" justify="lowerright" flipped="False" hidden="False" data="4" />
    </sympin>
    <sympin number="5" originx="200" originy="-400" rotation="180" length="100" width="7.8740157480315" flipped="False">
      <text name="pinname" originx="230" originy="-400" style="Default" rotation="0" justify="left" flipped="False" hidden="False" data="D_1" />
      <text name="pindes" originx="140" originy="-380" style="Default" rotation="0" justify="lowerright" flipped="False" hidden="False" data="5" />
    </sympin>
    <sympin number="6" originx="800" originy="0" rotation="0" length="100" width="7.8740157480315" flipped="False">
      <text name="pinname" originx="770" originy="0" style="Default" rotation="0" justify="right" flipped="False" hidden="False" data="D_2" />
      <text name="pindes" originx="860" originy="20" style="Default" rotation="0" justify="lowerleft" flipped="False" hidden="False" data="6" />
    </sympin>
    <sympin number="7" originx="800" originy="-100" rotation="0" length="100" width="7.8740157480315" flipped="False">
      <text name="pinname" originx="770" originy="-100" style="Default" rotation="0" justify="right" flipped="False" hidden="False" data="D_3" />
      <text name="pindes" originx="860" originy="-80" style="Default" rotation="0" justify="lowerleft" flipped="False" hidden="False" data="7" />
    </sympin>
    <sympin number="8" originx="800" originy="-200" rotation="0" length="100" width="7.8740157480315" flipped="False">
      <text name="pinname" originx="770" originy="-200" style="Default" rotation="0" justify="right" flipped="False" hidden="False" data="D_4" />
      <text name="pindes" originx="860" originy="-180" style="Default" rotation="0" justify="lowerleft" flipped="False" hidden="False" data="8" />
    </sympin>
    <sympin number="9" originx="800" originy="-300" rotation="0" length="100" width="7.8740157480315" flipped="False">
      <text name="pinname" originx="770" originy="-300" style="Default" rotation="0" justify="right" flipped="False" hidden="False" data="D_5" />
      <text name="pindes" originx="860" originy="-280" style="Default" rotation="0" justify="lowerleft" flipped="False" hidden="False" data="9" />
    </sympin>
  </symbol>
  <component name="SQJQ160E-T1_GE3" designatorprefix="Q" height="64.960629921259" footprint="SQJQ160ET1_GE3">
    <comppin designator="1" sympin="1" pinswap="0" gateswap="0" gate="1" group="1" side="" type="Any" name="G" />
    <comppin designator="2" sympin="2" pinswap="0" gateswap="0" gate="1" group="1" side="" type="Any" name="S_1" />
    <comppin designator="3" sympin="3" pinswap="0" gateswap="0" gate="1" group="1" side="" type="Any" name="S_2" />
    <comppin designator="4" sympin="4" pinswap="0" gateswap="0" gate="1" group="1" side="" type="Any" name="S_3" />
    <comppin designator="5" sympin="5" pinswap="0" gateswap="0" gate="1" group="1" side="" type="Any" name="D_1" />
    <comppin designator="6" sympin="6" pinswap="0" gateswap="0" gate="1" group="1" side="" type="Any" name="D_2" />
    <comppin designator="7" sympin="7" pinswap="0" gateswap="0" gate="1" group="1" side="" type="Any" name="D_3" />
    <comppin designator="8" sympin="8" pinswap="0" gateswap="0" gate="1" group="1" side="" type="Any" name="D_4" />
    <comppin designator="9" sympin="9" pinswap="0" gateswap="0" gate="1" group="1" side="" type="Any" name="D_5" />
    <attached_symbol gate="1" name="SQJQ160E-T1_GE3" />
    <pinmap designator="1" footprintpin="1" />
    <pinmap designator="2" footprintpin="2" />
    <pinmap designator="3" footprintpin="3" />
    <pinmap designator="4" footprintpin="4" />
    <pinmap designator="5" footprintpin="5" />
    <pinmap designator="6" footprintpin="6" />
    <pinmap designator="7" footprintpin="7" />
    <pinmap designator="8" footprintpin="8" />
    <pinmap designator="9" footprintpin="9" />
    <text name="Datasheet" originx="0" originy="0" style="Default" rotation="0" justify="" flipped="False" hidden="True" data="https://www.vishay.com/docs/63059/sqjq160e.pdf" />
    <text name="Description" originx="0" originy="0" style="Default" rotation="0" justify="" flipped="False" hidden="True" data="MOSFET N-CHANNEL 60-V (D-S) 175C MOSFET" />
    <text name="Mouser Part Number" originx="0" originy="0" style="Default" rotation="0" justify="" flipped="False" hidden="True" data="78-SQJQ160E-T1_GE3" />
    <text name="Mouser Price/Stock" originx="0" originy="0" style="Default" rotation="0" justify="" flipped="False" hidden="True" data="https://www.mouser.co.uk/ProductDetail/Vishay-Semiconductors/SQJQ160E-T1_GE3?qs=Wj%2FVkw3K%252BMDBWZlqh0rWDw%3D%3D" />
    <text name="Manufacturer_Name" originx="0" originy="0" style="Default" rotation="0" justify="" flipped="False" hidden="True" data="Vishay" />
    <text name="Manufacturer_Part_Number" originx="850" originy="200" style="Default" rotation="0" justify="left" flipped="False" hidden="False" data="SQJQ160E-T1_GE3" />
  </component>
</quadcept_library>
