<?xml version="1.0" encoding="utf-8"?>
<!--/1126424/986527/2.50/4/2/Transistor BJT NPN/-->
<quadcept_library>
  <setting unit="mil" />
  <textstyle name="Default" height="47.244094488189" strokewidth="7.8740157480315" charwidth="47.244094488189" />
  <textstyle name="Dimension" height="19.6850393700787" strokewidth="0" charwidth="19.6850393700787" />
  <textstyle name="H127W0635TH00762" height="50" strokewidth="3" charwidth="25" />
  <textstyle name="H15W15TH02" height="59.0551181102362" strokewidth="7.8740157480315" charwidth="59.0551181102362" />
  <padstyle name="r195_90" surface="True" plated="False" isvia="False" nopaste="False" nomask="True" complex="False" holesize="0">
    <padshape layer="TOP" shape="rectangle" width="35.433070866141" height="76.771653543306" />
    <padshape layer="TOP_SOLDER_MASK" shape="rectangle" width="43.307086614173" height="84.645669291338" />
    <padshape layer="TOP_SOLDER_PASTE" shape="rectangle" width="35.433070866141" height="76.771653543306" />
  </padstyle>
  <padstyle name="r320_195" surface="True" plated="False" isvia="False" nopaste="False" nomask="True" complex="False" holesize="0">
    <padshape layer="TOP" shape="rectangle" width="76.771653543306" height="125.9842519685" />
    <padshape layer="TOP_SOLDER_MASK" shape="rectangle" width="84.645669291338" height="133.85826771653" />
    <padshape layer="TOP_SOLDER_PASTE" shape="rectangle" width="76.771653543306" height="125.9842519685" />
  </padstyle>
  <footprint name="SOT230P700X180-4N" originx="0" originy="0" pickpointx="0" pickpointy="0">
    <pcbpin number="1" name="1" style="r195_90" originx="-118.11023622047" originy="90.551181102361" rotation="90" />
    <pcbpin number="2" name="2" style="r195_90" originx="-118.11023622047" originy="0" rotation="90" />
    <pcbpin number="3" name="3" style="r195_90" originx="-118.11023622047" originy="-90.551181102361" rotation="90" />
    <pcbpin number="4" name="4" style="r320_195" originx="118.11023622047" originy="0" rotation="0" />
    <line layer="TOP_PLACE_BOUND" originx="-166.33858267716" originy="141.73228346457" endx="166.33858267716" endy="141.73228346457" width="1.9685039370079" />
    <line layer="TOP_PLACE_BOUND" originx="166.33858267716" originy="141.73228346457" endx="166.33858267716" endy="-141.73228346457" width="1.9685039370079" />
    <line layer="TOP_PLACE_BOUND" originx="166.33858267716" originy="-141.73228346457" endx="-166.33858267716" endy="-141.73228346457" width="1.9685039370079" />
    <line layer="TOP_PLACE_BOUND" originx="-166.33858267716" originy="-141.73228346457" endx="-166.33858267716" endy="141.73228346457" width="1.9685039370079" />
    <line layer="TOP_ASSEMBLY" originx="-68.897637795275" originy="127.95275590551" endx="68.897637795275" endy="127.95275590551" width="3.9370078740157" />
    <line layer="TOP_ASSEMBLY" originx="68.897637795275" originy="127.95275590551" endx="68.897637795275" endy="-127.95275590551" width="3.9370078740157" />
    <line layer="TOP_ASSEMBLY" originx="68.897637795275" originy="-127.95275590551" endx="-68.897637795275" endy="-127.95275590551" width="3.9370078740157" />
    <line layer="TOP_ASSEMBLY" originx="-68.897637795275" originy="-127.95275590551" endx="-68.897637795275" endy="127.95275590551" width="3.9370078740157" />
    <line layer="TOP_ASSEMBLY" originx="-68.897637795275" originy="37.401574803149" endx="21.653543307086" endy="127.95275590551" width="3.9370078740157" />
    <line layer="TOP_SILKSCREEN" originx="-65.944881889763" originy="127.95275590551" endx="65.944881889763" endy="127.95275590551" width="7.8740157480314" />
    <line layer="TOP_SILKSCREEN" originx="65.944881889763" originy="127.95275590551" endx="65.944881889763" endy="-127.95275590551" width="7.8740157480314" />
    <line layer="TOP_SILKSCREEN" originx="65.944881889763" originy="-127.95275590551" endx="-65.944881889763" endy="-127.95275590551" width="7.8740157480314" />
    <line layer="TOP_SILKSCREEN" originx="-65.944881889763" originy="-127.95275590551" endx="-65.944881889763" endy="127.95275590551" width="7.8740157480314" />
    <line layer="TOP_SILKSCREEN" originx="-156.49606299212" originy="122.04724409449" endx="-79.724409448818" endy="122.04724409449" width="7.8740157480314" />
  </footprint>
  <symbol name="BCP56-16TF" originx="0" originy="0">
    <line originx="200" originy="100" endx="800" endy="100" width="0" />
    <line originx="800" originy="-300" endx="800" endy="100" width="0" />
    <line originx="800" originy="-300" endx="200" endy="-300" width="0" />
    <line originx="200" originy="100" endx="200" endy="-300" width="0" />
    <sympin number="1" originx="200" originy="0" rotation="180" length="100" width="7.8740157480315" flipped="False">
      <text name="pinname" originx="230" originy="0" style="Default" rotation="0" justify="left" flipped="False" hidden="False" data="B" />
      <text name="pindes" originx="140" originy="20" style="Default" rotation="0" justify="lowerright" flipped="False" hidden="False" data="1" />
    </sympin>
    <sympin number="2" originx="200" originy="-100" rotation="180" length="100" width="7.8740157480315" flipped="False">
      <text name="pinname" originx="230" originy="-100" style="Default" rotation="0" justify="left" flipped="False" hidden="False" data="C_1" />
      <text name="pindes" originx="140" originy="-80" style="Default" rotation="0" justify="lowerright" flipped="False" hidden="False" data="2" />
    </sympin>
    <sympin number="3" originx="200" originy="-200" rotation="180" length="100" width="7.8740157480315" flipped="False">
      <text name="pinname" originx="230" originy="-200" style="Default" rotation="0" justify="left" flipped="False" hidden="False" data="E" />
      <text name="pindes" originx="140" originy="-180" style="Default" rotation="0" justify="lowerright" flipped="False" hidden="False" data="3" />
    </sympin>
    <sympin number="4" originx="800" originy="0" rotation="0" length="100" width="7.8740157480315" flipped="False">
      <text name="pinname" originx="770" originy="0" style="Default" rotation="0" justify="right" flipped="False" hidden="False" data="C_2" />
      <text name="pindes" originx="860" originy="20" style="Default" rotation="0" justify="lowerleft" flipped="False" hidden="False" data="4" />
    </sympin>
  </symbol>
  <component name="BCP56-16TF" designatorprefix="Q" height="70.866141732283" footprint="SOT230P700X180-4N">
    <comppin designator="1" sympin="1" pinswap="0" gateswap="0" gate="1" group="1" side="" type="Any" name="B" />
    <comppin designator="2" sympin="2" pinswap="0" gateswap="0" gate="1" group="1" side="" type="Any" name="C_1" />
    <comppin designator="3" sympin="3" pinswap="0" gateswap="0" gate="1" group="1" side="" type="Any" name="E" />
    <comppin designator="4" sympin="4" pinswap="0" gateswap="0" gate="1" group="1" side="" type="Any" name="C_2" />
    <attached_symbol gate="1" name="BCP56-16TF" />
    <pinmap designator="1" footprintpin="1" />
    <pinmap designator="2" footprintpin="2" />
    <pinmap designator="3" footprintpin="3" />
    <pinmap designator="4" footprintpin="4" />
    <text name="Datasheet" originx="0" originy="0" style="Default" rotation="0" justify="" flipped="False" hidden="True" data="https://assets.nexperia.com/documents/data-sheet/BCP56T_SER.pdf" />
    <text name="Description" originx="0" originy="0" style="Default" rotation="0" justify="" flipped="False" hidden="True" data="Bipol Three current gain selections  High power dissipation capability" />
    <text name="Mouser Part Number" originx="0" originy="0" style="Default" rotation="0" justify="" flipped="False" hidden="True" data="771-BCP56-16TF" />
    <text name="Mouser Price/Stock" originx="0" originy="0" style="Default" rotation="0" justify="" flipped="False" hidden="True" data="https://www.mouser.co.uk/ProductDetail/Nexperia/BCP56-16TF?qs=uj7TeyS2Sj96ubfysKmpcg%3D%3D" />
    <text name="Manufacturer_Name" originx="0" originy="0" style="Default" rotation="0" justify="" flipped="False" hidden="True" data="Nexperia" />
    <text name="Manufacturer_Part_Number" originx="850" originy="200" style="Default" rotation="0" justify="left" flipped="False" hidden="False" data="BCP56-16TF" />
  </component>
</quadcept_library>
