<?xml version="1.0" encoding="utf-8"?>
<!--/277878/986527/2.50/2/5/Capacitor/-->
<quadcept_library>
  <setting unit="mil" />
  <textstyle name="Default" height="47.244094488189" strokewidth="7.8740157480315" charwidth="47.244094488189" />
  <textstyle name="Dimension" height="19.6850393700787" strokewidth="0" charwidth="19.6850393700787" />
  <textstyle name="H127W0635TH00762" height="50" strokewidth="3" charwidth="25" />
  <textstyle name="H15W15TH02" height="59.0551181102362" strokewidth="7.8740157480315" charwidth="59.0551181102362" />
  <padstyle name="r99_78" surface="True" plated="False" isvia="False" nopaste="False" nomask="True" complex="False" holesize="0">
    <padshape layer="TOP" shape="rectangle" width="30.708661417322" height="38.976377952755" />
    <padshape layer="TOP_SOLDER_MASK" shape="rectangle" width="38.582677165354" height="46.850393700787" />
    <padshape layer="TOP_SOLDER_PASTE" shape="rectangle" width="30.708661417322" height="38.976377952755" />
  </padstyle>
  <footprint name="CAPC1608X90N" originx="0" originy="0" pickpointx="0" pickpointy="0">
    <pcbpin number="1" name="1" style="r99_78" originx="-27.55905511811" originy="0" rotation="0" />
    <pcbpin number="2" name="2" style="r99_78" originx="27.55905511811" originy="0" rotation="0" />
    <line layer="TOP_PLACE_BOUND" originx="-48.818897637795" originy="25.590551181102" endx="48.818897637795" endy="25.590551181102" width="1.9685039370079" />
    <line layer="TOP_PLACE_BOUND" originx="48.818897637795" originy="25.590551181102" endx="48.818897637795" endy="-25.590551181102" width="1.9685039370079" />
    <line layer="TOP_PLACE_BOUND" originx="48.818897637795" originy="-25.590551181102" endx="-48.818897637795" endy="-25.590551181102" width="1.9685039370079" />
    <line layer="TOP_PLACE_BOUND" originx="-48.818897637795" originy="-25.590551181102" endx="-48.818897637795" endy="25.590551181102" width="1.9685039370079" />
    <line layer="TOP_ASSEMBLY" originx="-31.496062992126" originy="15.944881889764" endx="31.496062992126" endy="15.944881889764" width="3.9370078740157" />
    <line layer="TOP_ASSEMBLY" originx="31.496062992126" originy="15.944881889764" endx="31.496062992126" endy="-15.944881889764" width="3.9370078740157" />
    <line layer="TOP_ASSEMBLY" originx="31.496062992126" originy="-15.944881889764" endx="-31.496062992126" endy="-15.944881889764" width="3.9370078740157" />
    <line layer="TOP_ASSEMBLY" originx="-31.496062992126" originy="-15.944881889764" endx="-31.496062992126" endy="15.944881889764" width="3.9370078740157" />
  </footprint>
  <symbol name="06033A102FAT2A" originx="0" originy="0">
    <line originx="220" originy="100" endx="220" endy="-100" width="0" />
    <line originx="280" originy="100" endx="280" endy="-100" width="0" />
    <line originx="200" originy="0" endx="220" endy="0" width="0" />
    <line originx="280" originy="0" endx="300" endy="0" width="0" />
    <sympin number="1" originx="200" originy="0" rotation="180" length="100" width="7.8740157480315" flipped="False">
      <text name="pinname" originx="0" originy="-10" style="Default" rotation="0" justify="upperleft" flipped="False" hidden="True" data="1" />
      <text name="pindes" originx="0" originy="10" style="Default" rotation="0" justify="lowerleft" flipped="False" hidden="False" data="1" />
    </sympin>
    <sympin number="2" originx="300" originy="0" rotation="0" length="100" width="7.8740157480315" flipped="False">
      <text name="pinname" originx="500" originy="-10" style="Default" rotation="0" justify="upperright" flipped="False" hidden="True" data="2" />
      <text name="pindes" originx="500" originy="10" style="Default" rotation="0" justify="lowerright" flipped="False" hidden="False" data="2" />
    </sympin>
  </symbol>
  <component name="06033A102FAT2A" designatorprefix="C" height="35.433070866141" footprint="CAPC1608X90N">
    <comppin designator="1" sympin="1" pinswap="0" gateswap="0" gate="1" group="1" side="" type="Any" name="1" />
    <comppin designator="2" sympin="2" pinswap="0" gateswap="0" gate="1" group="1" side="" type="Any" name="2" />
    <attached_symbol gate="1" name="06033A102FAT2A" />
    <pinmap designator="1" footprintpin="1" />
    <pinmap designator="2" footprintpin="2" />
    <text name="Datasheet" originx="0" originy="0" style="Default" rotation="0" justify="" flipped="False" hidden="True" data="https://componentsearchengine.com/Datasheets/1/06033A102FAT2A.pdf" />
    <text name="Description" originx="0" originy="0" style="Default" rotation="0" justify="" flipped="False" hidden="True" data="AVX - 06033A102FAT2A - CAP, MLCC, C0G/NP0, 1NF, 25V, 0603" />
    <text name="Mouser Part Number" originx="0" originy="0" style="Default" rotation="0" justify="" flipped="False" hidden="True" data="581-06033A102F" />
    <text name="Mouser Price/Stock" originx="0" originy="0" style="Default" rotation="0" justify="" flipped="False" hidden="True" data="https://www.mouser.com/Search/Refine.aspx?Keyword=581-06033A102F" />
    <text name="Manufacturer_Name" originx="0" originy="0" style="Default" rotation="0" justify="" flipped="False" hidden="True" data="Kyocera AVX" />
    <text name="Manufacturer_Part_Number" originx="350" originy="150" style="Default" rotation="0" justify="left" flipped="False" hidden="False" data="06033A102FAT2A" />
  </component>
</quadcept_library>
