<?xml version="1.0" encoding="utf-8"?>
<!--/898513/986527/2.50/8/0/Switch/-->
<quadcept_library>
  <setting unit="mil" />
  <textstyle name="Default" height="47.244094488189" strokewidth="7.8740157480315" charwidth="47.244094488189" />
  <textstyle name="Dimension" height="19.6850393700787" strokewidth="0" charwidth="19.6850393700787" />
  <textstyle name="H127W0635TH00762" height="50" strokewidth="3" charwidth="25" />
  <textstyle name="H15W15TH02" height="59.0551181102362" strokewidth="7.8740157480315" charwidth="59.0551181102362" />
  <padstyle name="r127_76" surface="True" plated="False" isvia="False" nopaste="False" nomask="True" complex="False" holesize="0">
    <padshape layer="TOP" shape="rectangle" width="29.921259842519" height="49.999999999999" />
    <padshape layer="TOP_SOLDER_MASK" shape="rectangle" width="37.795275590551" height="57.874015748031" />
    <padshape layer="TOP_SOLDER_PASTE" shape="rectangle" width="29.921259842519" height="49.999999999999" />
  </padstyle>
  <footprint name="2184LPSTJ" originx="0" originy="0" pickpointx="0" pickpointy="0">
    <pcbpin number="1" name="A1" style="r127_76" originx="-74.999999999999" originy="-80.708661417322" rotation="0" />
    <pcbpin number="2" name="A2" style="r127_76" originx="-25" originy="-80.708661417322" rotation="0" />
    <pcbpin number="3" name="A3" style="r127_76" originx="25" originy="-80.708661417322" rotation="0" />
    <pcbpin number="4" name="A4" style="r127_76" originx="74.999999999999" originy="-80.708661417322" rotation="0" />
    <pcbpin number="5" name="B1" style="r127_76" originx="-74.999999999999" originy="80.708661417322" rotation="0" />
    <pcbpin number="6" name="B2" style="r127_76" originx="-25" originy="80.708661417322" rotation="0" />
    <pcbpin number="7" name="B3" style="r127_76" originx="25" originy="80.708661417322" rotation="0" />
    <pcbpin number="8" name="B4" style="r127_76" originx="74.999999999999" originy="80.708661417322" rotation="0" />
    <line layer="TOP_ASSEMBLY" originx="-123.03149606299" originy="-114.17322834646" endx="123.03149606299" endy="-114.17322834646" width="3.9370078740157" />
    <line layer="TOP_ASSEMBLY" originx="123.03149606299" originy="-114.17322834646" endx="123.03149606299" endy="114.17322834646" width="3.9370078740157" />
    <line layer="TOP_ASSEMBLY" originx="123.03149606299" originy="114.17322834646" endx="-123.03149606299" endy="114.17322834646" width="3.9370078740157" />
    <line layer="TOP_ASSEMBLY" originx="-123.03149606299" originy="114.17322834646" endx="-123.03149606299" endy="-114.17322834646" width="3.9370078740157" />
    <line layer="TOP_PLACE_BOUND" originx="-162.40157480315" originy="153.54330708661" endx="162.40157480315" endy="153.54330708661" width="3.9370078740157" />
    <line layer="TOP_PLACE_BOUND" originx="162.40157480315" originy="153.54330708661" endx="162.40157480315" endy="-153.54330708661" width="3.9370078740157" />
    <line layer="TOP_PLACE_BOUND" originx="162.40157480315" originy="-153.54330708661" endx="-162.40157480315" endy="-153.54330708661" width="3.9370078740157" />
    <line layer="TOP_PLACE_BOUND" originx="-162.40157480315" originy="-153.54330708661" endx="-162.40157480315" endy="153.54330708661" width="3.9370078740157" />
    <line layer="TOP_SILKSCREEN" originx="-110.23622047244" originy="-114.17322834646" endx="-123.03149606299" endy="-114.17322834646" width="7.8740157480314" />
    <line layer="TOP_SILKSCREEN" originx="-123.03149606299" originy="-114.17322834646" endx="-123.03149606299" endy="114.17322834646" width="7.8740157480314" />
    <line layer="TOP_SILKSCREEN" originx="-123.03149606299" originy="114.17322834646" endx="-110.23622047244" endy="114.17322834646" width="7.8740157480314" />
    <line layer="TOP_SILKSCREEN" originx="110.23622047244" originy="-114.17322834646" endx="123.03149606299" endy="-114.17322834646" width="7.8740157480314" />
    <line layer="TOP_SILKSCREEN" originx="123.03149606299" originy="-114.17322834646" endx="123.03149606299" endy="114.17322834646" width="7.8740157480314" />
    <line layer="TOP_SILKSCREEN" originx="123.03149606299" originy="114.17322834646" endx="110.23622047244" endy="114.17322834646" width="7.8740157480314" />
    <line layer="TOP_SILKSCREEN" originx="-74.999999999999" originy="-133.85826771653" endx="-74.999999999999" endy="-133.85826771653" width="7.8740157480314" />
    <arc layer="TOP_SILKSCREEN" originx="-74.999999999999" originy="-137.79527559055" startangle="90.0" sweepangle="180.0" radius="3.9370078740157" width="7.8740157480314" />
    <line layer="TOP_SILKSCREEN" originx="-74.999999999999" originy="-141.73228346457" endx="-74.999999999999" endy="-141.73228346457" width="7.8740157480314" />
    <arc layer="TOP_SILKSCREEN" originx="-74.999999999999" originy="-137.79527559055" startangle="-90.0" sweepangle="180.0" radius="3.9370078740157" width="7.8740157480314" />
    <line layer="TOP_SILKSCREEN" originx="-74.999999999999" originy="-133.85826771653" endx="-74.999999999999" endy="-133.85826771653" width="7.8740157480314" />
    <arc layer="TOP_SILKSCREEN" originx="-74.999999999999" originy="-137.79527559055" startangle="90.0" sweepangle="180.0" radius="3.9370078740157" width="7.8740157480314" />
  </footprint>
  <symbol name="218-4LPSTJ" originx="0" originy="0">
    <line originx="200" originy="100" endx="700" endy="100" width="0" />
    <line originx="700" originy="-400" endx="700" endy="100" width="0" />
    <line originx="700" originy="-400" endx="200" endy="-400" width="0" />
    <line originx="200" originy="100" endx="200" endy="-400" width="0" />
    <sympin number="1" originx="200" originy="0" rotation="180" length="100" width="7.8740157480315" flipped="False">
      <text name="pinname" originx="230" originy="0" style="Default" rotation="0" justify="left" flipped="False" hidden="False" data="A1" />
      <text name="pindes" originx="140" originy="20" style="Default" rotation="0" justify="lowerright" flipped="False" hidden="False" data="A1" />
    </sympin>
    <sympin number="2" originx="200" originy="-100" rotation="180" length="100" width="7.8740157480315" flipped="False">
      <text name="pinname" originx="230" originy="-100" style="Default" rotation="0" justify="left" flipped="False" hidden="False" data="A2" />
      <text name="pindes" originx="140" originy="-80" style="Default" rotation="0" justify="lowerright" flipped="False" hidden="False" data="A2" />
    </sympin>
    <sympin number="3" originx="200" originy="-200" rotation="180" length="100" width="7.8740157480315" flipped="False">
      <text name="pinname" originx="230" originy="-200" style="Default" rotation="0" justify="left" flipped="False" hidden="False" data="A3" />
      <text name="pindes" originx="140" originy="-180" style="Default" rotation="0" justify="lowerright" flipped="False" hidden="False" data="A3" />
    </sympin>
    <sympin number="4" originx="200" originy="-300" rotation="180" length="100" width="7.8740157480315" flipped="False">
      <text name="pinname" originx="230" originy="-300" style="Default" rotation="0" justify="left" flipped="False" hidden="False" data="A4" />
      <text name="pindes" originx="140" originy="-280" style="Default" rotation="0" justify="lowerright" flipped="False" hidden="False" data="A4" />
    </sympin>
    <sympin number="5" originx="700" originy="0" rotation="0" length="100" width="7.8740157480315" flipped="False">
      <text name="pinname" originx="670" originy="0" style="Default" rotation="0" justify="right" flipped="False" hidden="False" data="B1" />
      <text name="pindes" originx="760" originy="20" style="Default" rotation="0" justify="lowerleft" flipped="False" hidden="False" data="B1" />
    </sympin>
    <sympin number="6" originx="700" originy="-100" rotation="0" length="100" width="7.8740157480315" flipped="False">
      <text name="pinname" originx="670" originy="-100" style="Default" rotation="0" justify="right" flipped="False" hidden="False" data="B2" />
      <text name="pindes" originx="760" originy="-80" style="Default" rotation="0" justify="lowerleft" flipped="False" hidden="False" data="B2" />
    </sympin>
    <sympin number="7" originx="700" originy="-200" rotation="0" length="100" width="7.8740157480315" flipped="False">
      <text name="pinname" originx="670" originy="-200" style="Default" rotation="0" justify="right" flipped="False" hidden="False" data="B3" />
      <text name="pindes" originx="760" originy="-180" style="Default" rotation="0" justify="lowerleft" flipped="False" hidden="False" data="B3" />
    </sympin>
    <sympin number="8" originx="700" originy="-300" rotation="0" length="100" width="7.8740157480315" flipped="False">
      <text name="pinname" originx="670" originy="-300" style="Default" rotation="0" justify="right" flipped="False" hidden="False" data="B4" />
      <text name="pindes" originx="760" originy="-280" style="Default" rotation="0" justify="lowerleft" flipped="False" hidden="False" data="B4" />
    </sympin>
  </symbol>
  <component name="218-4LPSTJ" designatorprefix="S" height="106.29921259842" footprint="2184LPSTJ">
    <comppin designator="A1" sympin="1" pinswap="0" gateswap="0" gate="1" group="1" side="" type="Any" name="A1" />
    <comppin designator="A2" sympin="2" pinswap="0" gateswap="0" gate="1" group="1" side="" type="Any" name="A2" />
    <comppin designator="A3" sympin="3" pinswap="0" gateswap="0" gate="1" group="1" side="" type="Any" name="A3" />
    <comppin designator="A4" sympin="4" pinswap="0" gateswap="0" gate="1" group="1" side="" type="Any" name="A4" />
    <comppin designator="B1" sympin="5" pinswap="0" gateswap="0" gate="1" group="1" side="" type="Any" name="B1" />
    <comppin designator="B2" sympin="6" pinswap="0" gateswap="0" gate="1" group="1" side="" type="Any" name="B2" />
    <comppin designator="B3" sympin="7" pinswap="0" gateswap="0" gate="1" group="1" side="" type="Any" name="B3" />
    <comppin designator="B4" sympin="8" pinswap="0" gateswap="0" gate="1" group="1" side="" type="Any" name="B4" />
    <attached_symbol gate="1" name="218-4LPSTJ" />
    <pinmap designator="A1" footprintpin="1" />
    <pinmap designator="A2" footprintpin="2" />
    <pinmap designator="A3" footprintpin="3" />
    <pinmap designator="A4" footprintpin="4" />
    <pinmap designator="B1" footprintpin="5" />
    <pinmap designator="B2" footprintpin="6" />
    <pinmap designator="B3" footprintpin="7" />
    <pinmap designator="B4" footprintpin="8" />
    <text name="Datasheet" originx="0" originy="0" style="Default" rotation="0" justify="" flipped="False" hidden="True" data="https://www.ctscorp.com/wp-content/uploads/218.pdf" />
    <text name="Description" originx="0" originy="0" style="Default" rotation="0" justify="" flipped="False" hidden="True" data="DIP Switches / SIP Switches 4 pos. low profile Btm Seal Tape J Bend" />
    <text name="Mouser Part Number" originx="0" originy="0" style="Default" rotation="0" justify="" flipped="False" hidden="True" data="774-218-4LPSTJ" />
    <text name="Mouser Price/Stock" originx="0" originy="0" style="Default" rotation="0" justify="" flipped="False" hidden="True" data="https://www.mouser.co.uk/ProductDetail/CTS-Electronic-Components/218-4LPSTJ?qs=qNzHFtQhdJ%2Frpuf7cnHHWA%3D%3D" />
    <text name="Manufacturer_Name" originx="0" originy="0" style="Default" rotation="0" justify="" flipped="False" hidden="True" data="CTS" />
    <text name="Manufacturer_Part_Number" originx="750" originy="200" style="Default" rotation="0" justify="left" flipped="False" hidden="False" data="218-4LPSTJ" />
  </component>
</quadcept_library>
