<?xml version="1.0" encoding="utf-8"?>
<!--/615583/986527/2.50/10/2/Connector/-->
<quadcept_library>
  <setting unit="mil" />
  <textstyle name="Default" height="47.244094488189" strokewidth="7.8740157480315" charwidth="47.244094488189" />
  <textstyle name="Dimension" height="19.6850393700787" strokewidth="0" charwidth="19.6850393700787" />
  <textstyle name="H127W0635TH00762" height="50" strokewidth="3" charwidth="25" />
  <textstyle name="H15W15TH02" height="59.0551181102362" strokewidth="7.8740157480315" charwidth="59.0551181102362" />
  <padstyle name="c115_h71" surface="False" plated="True" isvia="False" nopaste="True" nomask="True" complex="False" holesize="27.952755905511">
    <padshape layer="TOP" shape="round" width="45.275590551181" height="45.275590551181" />
    <padshape layer="TOP_SOLDER_MASK" shape="round" width="53.149606299212" height="53.149606299212" />
    <padshape layer="INNER" shape="round" width="45.275590551181" height="45.275590551181" />
    <padshape layer="BOTTOM" shape="round" width="45.275590551181" height="45.275590551181" />
    <padshape layer="BOTTOM_SOLDER_MASK" shape="round" width="53.149606299212" height="53.149606299212" />
  </padstyle>
  <footprint name="FTSH-105-XX-YYY-D-K" originx="0" originy="0" pickpointx="0" pickpointy="0">
    <pcbpin number="1" name="1" style="c115_h71" originx="0" originy="0" rotation="90" />
    <pcbpin number="2" name="2" style="c115_h71" originx="0" originy="49.999999999999" rotation="90" />
    <pcbpin number="3" name="3" style="c115_h71" originx="49.999999999999" originy="0" rotation="90" />
    <pcbpin number="4" name="4" style="c115_h71" originx="49.999999999999" originy="49.999999999999" rotation="90" />
    <pcbpin number="5" name="5" style="c115_h71" originx="99.999999999999" originy="0" rotation="90" />
    <pcbpin number="6" name="6" style="c115_h71" originx="99.999999999999" originy="49.999999999999" rotation="90" />
    <pcbpin number="7" name="7" style="c115_h71" originx="150" originy="0" rotation="90" />
    <pcbpin number="8" name="8" style="c115_h71" originx="150" originy="49.999999999999" rotation="90" />
    <pcbpin number="9" name="9" style="c115_h71" originx="200" originy="0" rotation="90" />
    <pcbpin number="10" name="10" style="c115_h71" originx="200" originy="49.999999999999" rotation="90" />
    <line layer="TOP_ASSEMBLY" originx="-25" originy="92.519685039369" endx="225" endy="92.519685039369" width="7.8740157480314" />
    <line layer="TOP_ASSEMBLY" originx="225" originy="92.519685039369" endx="225" endy="-42.51968503937" width="7.8740157480314" />
    <line layer="TOP_ASSEMBLY" originx="225" originy="-42.51968503937" endx="-25" endy="-42.51968503937" width="7.8740157480314" />
    <line layer="TOP_ASSEMBLY" originx="-25" originy="-42.51968503937" endx="-25" endy="92.519685039369" width="7.8740157480314" />
    <line layer="TOP_SILKSCREEN" originx="-25" originy="92.519685039369" endx="225" endy="92.519685039369" width="3.9370078740157" />
    <line layer="TOP_SILKSCREEN" originx="225" originy="-42.51968503937" endx="-25" endy="-42.51968503937" width="3.9370078740157" />
    <arc layer="TOP_SILKSCREEN" originx="-1.9685039370079" originy="-59.055118110235" startangle="180" sweepangle="180" radius="1.9685039370079" width="7.8740157480314" />
    <arc layer="TOP_SILKSCREEN" originx="-1.9685039370079" originy="-59.055118110235" startangle="180" sweepangle="-180" radius="1.9685039370079" width="7.8740157480314" />
    <line layer="TOP_PLACE_BOUND" originx="-72.244094488188" originy="139.76377952756" endx="272.24409448819" endy="139.76377952756" width="1.9685039370079" />
    <line layer="TOP_PLACE_BOUND" originx="272.24409448819" originy="139.76377952756" endx="272.24409448819" endy="-102.36220472441" width="1.9685039370079" />
    <line layer="TOP_PLACE_BOUND" originx="272.24409448819" originy="-102.36220472441" endx="-72.244094488188" endy="-102.36220472441" width="1.9685039370079" />
    <line layer="TOP_PLACE_BOUND" originx="-72.244094488188" originy="-102.36220472441" endx="-72.244094488188" endy="139.76377952756" width="1.9685039370079" />
  </footprint>
  <symbol name="FTSH-105-01-F-D-K" originx="0" originy="0">
    <line originx="200" originy="100" endx="700" endy="100" width="0" />
    <line originx="700" originy="-500" endx="700" endy="100" width="0" />
    <line originx="700" originy="-500" endx="200" endy="-500" width="0" />
    <line originx="200" originy="100" endx="200" endy="-500" width="0" />
    <sympin number="1" originx="200" originy="0" rotation="180" length="100" width="7.8740157480315" flipped="False">
      <text name="pinname" originx="230" originy="0" style="Default" rotation="0" justify="left" flipped="False" hidden="False" data="1" />
      <text name="pindes" originx="140" originy="20" style="Default" rotation="0" justify="lowerright" flipped="False" hidden="False" data="1" />
    </sympin>
    <sympin number="2" originx="700" originy="0" rotation="0" length="100" width="7.8740157480315" flipped="False">
      <text name="pinname" originx="670" originy="0" style="Default" rotation="0" justify="right" flipped="False" hidden="False" data="2" />
      <text name="pindes" originx="760" originy="20" style="Default" rotation="0" justify="lowerleft" flipped="False" hidden="False" data="2" />
    </sympin>
    <sympin number="3" originx="200" originy="-100" rotation="180" length="100" width="7.8740157480315" flipped="False">
      <text name="pinname" originx="230" originy="-100" style="Default" rotation="0" justify="left" flipped="False" hidden="False" data="3" />
      <text name="pindes" originx="140" originy="-80" style="Default" rotation="0" justify="lowerright" flipped="False" hidden="False" data="3" />
    </sympin>
    <sympin number="4" originx="700" originy="-100" rotation="0" length="100" width="7.8740157480315" flipped="False">
      <text name="pinname" originx="670" originy="-100" style="Default" rotation="0" justify="right" flipped="False" hidden="False" data="4" />
      <text name="pindes" originx="760" originy="-80" style="Default" rotation="0" justify="lowerleft" flipped="False" hidden="False" data="4" />
    </sympin>
    <sympin number="5" originx="200" originy="-200" rotation="180" length="100" width="7.8740157480315" flipped="False">
      <text name="pinname" originx="230" originy="-200" style="Default" rotation="0" justify="left" flipped="False" hidden="False" data="5" />
      <text name="pindes" originx="140" originy="-180" style="Default" rotation="0" justify="lowerright" flipped="False" hidden="False" data="5" />
    </sympin>
    <sympin number="6" originx="700" originy="-200" rotation="0" length="100" width="7.8740157480315" flipped="False">
      <text name="pinname" originx="670" originy="-200" style="Default" rotation="0" justify="right" flipped="False" hidden="False" data="6" />
      <text name="pindes" originx="760" originy="-180" style="Default" rotation="0" justify="lowerleft" flipped="False" hidden="False" data="6" />
    </sympin>
    <sympin number="7" originx="200" originy="-300" rotation="180" length="100" width="7.8740157480315" flipped="False">
      <text name="pinname" originx="230" originy="-300" style="Default" rotation="0" justify="left" flipped="False" hidden="False" data="7" />
      <text name="pindes" originx="140" originy="-280" style="Default" rotation="0" justify="lowerright" flipped="False" hidden="False" data="7" />
    </sympin>
    <sympin number="8" originx="700" originy="-300" rotation="0" length="100" width="7.8740157480315" flipped="False">
      <text name="pinname" originx="670" originy="-300" style="Default" rotation="0" justify="right" flipped="False" hidden="False" data="8" />
      <text name="pindes" originx="760" originy="-280" style="Default" rotation="0" justify="lowerleft" flipped="False" hidden="False" data="8" />
    </sympin>
    <sympin number="9" originx="200" originy="-400" rotation="180" length="100" width="7.8740157480315" flipped="False">
      <text name="pinname" originx="230" originy="-400" style="Default" rotation="0" justify="left" flipped="False" hidden="False" data="9" />
      <text name="pindes" originx="140" originy="-380" style="Default" rotation="0" justify="lowerright" flipped="False" hidden="False" data="9" />
    </sympin>
    <sympin number="10" originx="700" originy="-400" rotation="0" length="100" width="7.8740157480315" flipped="False">
      <text name="pinname" originx="670" originy="-400" style="Default" rotation="0" justify="right" flipped="False" hidden="False" data="10" />
      <text name="pindes" originx="760" originy="-380" style="Default" rotation="0" justify="lowerleft" flipped="False" hidden="False" data="10" />
    </sympin>
  </symbol>
  <component name="FTSH-105-01-F-D-K" designatorprefix="J" height="0" footprint="FTSH-105-XX-YYY-D-K">
    <comppin designator="1" sympin="1" pinswap="0" gateswap="0" gate="1" group="1" side="" type="Any" name="1" />
    <comppin designator="2" sympin="2" pinswap="0" gateswap="0" gate="1" group="1" side="" type="Any" name="2" />
    <comppin designator="3" sympin="3" pinswap="0" gateswap="0" gate="1" group="1" side="" type="Any" name="3" />
    <comppin designator="4" sympin="4" pinswap="0" gateswap="0" gate="1" group="1" side="" type="Any" name="4" />
    <comppin designator="5" sympin="5" pinswap="0" gateswap="0" gate="1" group="1" side="" type="Any" name="5" />
    <comppin designator="6" sympin="6" pinswap="0" gateswap="0" gate="1" group="1" side="" type="Any" name="6" />
    <comppin designator="7" sympin="7" pinswap="0" gateswap="0" gate="1" group="1" side="" type="Any" name="7" />
    <comppin designator="8" sympin="8" pinswap="0" gateswap="0" gate="1" group="1" side="" type="Any" name="8" />
    <comppin designator="9" sympin="9" pinswap="0" gateswap="0" gate="1" group="1" side="" type="Any" name="9" />
    <comppin designator="10" sympin="10" pinswap="0" gateswap="0" gate="1" group="1" side="" type="Any" name="10" />
    <attached_symbol gate="1" name="FTSH-105-01-F-D-K" />
    <pinmap designator="1" footprintpin="1" />
    <pinmap designator="2" footprintpin="2" />
    <pinmap designator="3" footprintpin="3" />
    <pinmap designator="4" footprintpin="4" />
    <pinmap designator="5" footprintpin="5" />
    <pinmap designator="6" footprintpin="6" />
    <pinmap designator="7" footprintpin="7" />
    <pinmap designator="8" footprintpin="8" />
    <pinmap designator="9" footprintpin="9" />
    <pinmap designator="10" footprintpin="10" />
    <text name="Datasheet" originx="0" originy="0" style="Default" rotation="0" justify="" flipped="False" hidden="True" data="http://suddendocs.samtec.com/prints/ftsh-1xx-xx-xxx-d-xxx-xx-mkt.pdf" />
    <text name="Description" originx="0" originy="0" style="Default" rotation="0" justify="" flipped="False" hidden="True" data="10 Position, High Reliability Header Strips, 0.050&amp;quot; pitch" />
    <text name="Mouser Part Number" originx="0" originy="0" style="Default" rotation="0" justify="" flipped="False" hidden="True" data="200-FTSH10501FDK" />
    <text name="Mouser Price/Stock" originx="0" originy="0" style="Default" rotation="0" justify="" flipped="False" hidden="True" data="https://www.mouser.co.uk/ProductDetail/Samtec/FTSH-105-01-F-D-K?qs=FESYatJ8odIwRE%252Bc%2FZcQYA%3D%3D" />
    <text name="Manufacturer_Name" originx="0" originy="0" style="Default" rotation="0" justify="" flipped="False" hidden="True" data="SAMTEC" />
    <text name="Manufacturer_Part_Number" originx="750" originy="200" style="Default" rotation="0" justify="left" flipped="False" hidden="False" data="FTSH-105-01-F-D-K" />
  </component>
</quadcept_library>
