<?xml version="1.0" encoding="utf-8"?>
<!--/20057132/986527/2.50/2/3/Resistor/-->
<quadcept_library>
  <setting unit="mil" />
  <textstyle name="Default" height="47.244094488189" strokewidth="7.8740157480315" charwidth="47.244094488189" />
  <textstyle name="Dimension" height="19.6850393700787" strokewidth="0" charwidth="19.6850393700787" />
  <textstyle name="H127W0635TH00762" height="50" strokewidth="3" charwidth="25" />
  <textstyle name="H15W15TH02" height="59.0551181102362" strokewidth="7.8740157480315" charwidth="59.0551181102362" />
  <padstyle name="r545_270" surface="True" plated="False" isvia="False" nopaste="False" nomask="True" complex="False" holesize="0">
    <padshape layer="TOP" shape="rectangle" width="106.29921259842" height="214.56692913386" />
    <padshape layer="TOP_SOLDER_MASK" shape="rectangle" width="114.17322834646" height="222.44094488189" />
    <padshape layer="TOP_SOLDER_PASTE" shape="rectangle" width="106.29921259842" height="214.56692913386" />
  </padstyle>
  <footprint name="RESC10052X63N" originx="0" originy="0" pickpointx="0" pickpointy="0">
    <pcbpin number="1" name="1" style="r545_270" originx="-163.38582677165" originy="0" rotation="0" />
    <pcbpin number="2" name="2" style="r545_270" originx="163.38582677165" originy="0" rotation="0" />
    <line layer="TOP_PLACE_BOUND" originx="-226.3779527559" originy="118.11023622047" endx="226.3779527559" endy="118.11023622047" width="1.9685039370079" />
    <line layer="TOP_PLACE_BOUND" originx="226.3779527559" originy="118.11023622047" endx="226.3779527559" endy="-118.11023622047" width="1.9685039370079" />
    <line layer="TOP_PLACE_BOUND" originx="226.3779527559" originy="-118.11023622047" endx="-226.3779527559" endy="-118.11023622047" width="1.9685039370079" />
    <line layer="TOP_PLACE_BOUND" originx="-226.3779527559" originy="-118.11023622047" endx="-226.3779527559" endy="118.11023622047" width="1.9685039370079" />
    <line layer="TOP_ASSEMBLY" originx="-196.85039370078" originy="102.36220472441" endx="196.85039370078" endy="102.36220472441" width="3.9370078740157" />
    <line layer="TOP_ASSEMBLY" originx="196.85039370078" originy="102.36220472441" endx="196.85039370078" endy="-102.36220472441" width="3.9370078740157" />
    <line layer="TOP_ASSEMBLY" originx="196.85039370078" originy="-102.36220472441" endx="-196.85039370078" endy="-102.36220472441" width="3.9370078740157" />
    <line layer="TOP_ASSEMBLY" originx="-196.85039370078" originy="-102.36220472441" endx="-196.85039370078" endy="102.36220472441" width="3.9370078740157" />
    <line layer="TOP_SILKSCREEN" originx="0" originy="98.425196850392" endx="0" endy="-98.425196850392" width="7.8740157480314" />
  </footprint>
  <symbol name="PU3921FKN130U2L" originx="0" originy="0">
    <line originx="200" originy="50" endx="500" endy="50" width="0" />
    <line originx="500" originy="-50" endx="500" endy="50" width="0" />
    <line originx="500" originy="-50" endx="200" endy="-50" width="0" />
    <line originx="200" originy="50" endx="200" endy="-50" width="0" />
    <sympin number="1" originx="200" originy="0" rotation="180" length="100" width="7.8740157480315" flipped="False">
      <text name="pinname" originx="0" originy="-10" style="Default" rotation="0" justify="upperleft" flipped="False" hidden="True" data="1" />
      <text name="pindes" originx="0" originy="10" style="Default" rotation="0" justify="lowerleft" flipped="False" hidden="False" data="1" />
    </sympin>
    <sympin number="2" originx="500" originy="0" rotation="0" length="100" width="7.8740157480315" flipped="False">
      <text name="pinname" originx="700" originy="-10" style="Default" rotation="0" justify="upperright" flipped="False" hidden="True" data="2" />
      <text name="pindes" originx="700" originy="10" style="Default" rotation="0" justify="lowerright" flipped="False" hidden="False" data="2" />
    </sympin>
  </symbol>
  <component name="PU3921FKN130U2L" designatorprefix="R" height="24.803149606299" footprint="RESC10052X63N">
    <comppin designator="1" sympin="1" pinswap="0" gateswap="0" gate="1" group="1" side="" type="Any" name="1" />
    <comppin designator="2" sympin="2" pinswap="0" gateswap="0" gate="1" group="1" side="" type="Any" name="2" />
    <attached_symbol gate="1" name="PU3921FKN130U2L" />
    <pinmap designator="1" footprintpin="1" />
    <pinmap designator="2" footprintpin="2" />
    <text name="Datasheet" originx="0" originy="0" style="Default" rotation="0" justify="" flipped="False" hidden="True" data="https://www.yageo.com/upload/media/product/app/datasheet/rchip/pyu-pu_51_rohs_l.pdf" />
    <text name="Description" originx="0" originy="0" style="Default" rotation="0" justify="" flipped="False" hidden="True" data="PU3921FKN130U2L" />
    <text name="Mouser Part Number" originx="0" originy="0" style="Default" rotation="0" justify="" flipped="False" hidden="True" data="603-PU3921FKN130U2L" />
    <text name="Mouser Price/Stock" originx="0" originy="0" style="Default" rotation="0" justify="" flipped="False" hidden="True" data="https://www.mouser.co.uk/ProductDetail/YAGEO/PU3921FKN130U2L?qs=Yv%2FzsQ5pz3Hao%2Fr%2FiAcpvw%3D%3D" />
    <text name="Manufacturer_Name" originx="0" originy="0" style="Default" rotation="0" justify="" flipped="False" hidden="True" data="YAGEO" />
    <text name="Manufacturer_Part_Number" originx="550" originy="150" style="Default" rotation="0" justify="left" flipped="False" hidden="False" data="PU3921FKN130U2L" />
  </component>
</quadcept_library>
