<?xml version="1.0" encoding="utf-8"?>
<!--/19300070/986527/2.50/16/4/Connector/-->
<quadcept_library>
  <setting unit="mil" />
  <textstyle name="Default" height="47.244094488189" strokewidth="7.8740157480315" charwidth="47.244094488189" />
  <textstyle name="Dimension" height="19.6850393700787" strokewidth="0" charwidth="19.6850393700787" />
  <textstyle name="H127W0635TH00762" height="50" strokewidth="3" charwidth="25" />
  <textstyle name="H15W15TH02" height="59.0551181102362" strokewidth="7.8740157480315" charwidth="59.0551181102362" />
  <padstyle name="r85_20" surface="True" plated="False" isvia="False" nopaste="False" nomask="True" complex="False" holesize="0">
    <padshape layer="TOP" shape="rectangle" width="7.8740157480314" height="33.464566929133" />
    <padshape layer="TOP_SOLDER_MASK" shape="rectangle" width="15.748031496063" height="41.338582677165" />
    <padshape layer="TOP_SOLDER_PASTE" shape="rectangle" width="7.8740157480314" height="33.464566929133" />
  </padstyle>
  <padstyle name="r85_75" surface="True" plated="False" isvia="False" nopaste="False" nomask="True" complex="False" holesize="0">
    <padshape layer="TOP" shape="rectangle" width="29.527559055118" height="33.464566929133" />
    <padshape layer="TOP_SOLDER_MASK" shape="rectangle" width="37.401574803149" height="41.338582677165" />
    <padshape layer="TOP_SOLDER_PASTE" shape="rectangle" width="29.527559055118" height="33.464566929133" />
  </padstyle>
  <padstyle name="c339_h226" surface="False" plated="True" isvia="False" nopaste="True" nomask="True" complex="False" holesize="88.976377952755">
    <padshape layer="TOP" shape="round" width="133.46456692913" height="133.46456692913" />
    <padshape layer="TOP_SOLDER_MASK" shape="round" width="141.33858267716" height="141.33858267716" />
    <padshape layer="INNER" shape="round" width="133.46456692913" height="133.46456692913" />
    <padshape layer="BOTTOM" shape="round" width="133.46456692913" height="133.46456692913" />
    <padshape layer="BOTTOM_SOLDER_MASK" shape="round" width="141.33858267716" height="141.33858267716" />
  </padstyle>
  <padstyle name="r85_45" surface="True" plated="False" isvia="False" nopaste="False" nomask="True" complex="False" holesize="0">
    <padshape layer="TOP" shape="rectangle" width="17.716535433071" height="33.464566929133" />
    <padshape layer="TOP_SOLDER_MASK" shape="rectangle" width="25.590551181102" height="41.338582677165" />
    <padshape layer="TOP_SOLDER_PASTE" shape="rectangle" width="17.716535433071" height="33.464566929133" />
  </padstyle>
  <footprint name="CX90MW816P1" originx="0" originy="0" pickpointx="0" pickpointy="0">
    <pcbpin number="1" name="1" style="r85_75" originx="-132.87401574803" originy="81.692913385826" rotation="0" />
    <pcbpin number="2" name="2" style="r85_75" originx="132.87401574803" originy="81.692913385826" rotation="0" />
    <pcbpin number="3" name="3" style="c339_h226" originx="-216.53543307086" originy="-17.322834645669" rotation="90" />
    <pcbpin number="4" name="4" style="c339_h226" originx="216.53543307086" originy="-17.322834645669" rotation="90" />
    <pcbpin number="5" name="A1" style="r85_45" originx="-101.3779527559" originy="81.692913385826" rotation="0" />
    <pcbpin number="6" name="A4" style="r85_45" originx="-75.787401574802" originy="81.692913385826" rotation="0" />
    <pcbpin number="7" name="A5" style="r85_20" originx="-55.11811023622" originy="81.692913385826" rotation="0" />
    <pcbpin number="8" name="A6" style="r85_20" originx="-23.622047244094" originy="81.692913385826" rotation="0" />
    <pcbpin number="9" name="A7" style="r85_20" originx="7.8740157480314" originy="81.692913385826" rotation="0" />
    <pcbpin number="10" name="A8" style="r85_20" originx="39.370078740157" originy="81.692913385826" rotation="0" />
    <pcbpin number="11" name="A9" style="r85_45" originx="75.787401574802" originy="81.692913385826" rotation="0" />
    <pcbpin number="12" name="A12" style="r85_45" originx="101.3779527559" originy="81.692913385826" rotation="0" />
    <pcbpin number="13" name="B5" style="r85_20" originx="55.11811023622" originy="81.692913385826" rotation="0" />
    <pcbpin number="14" name="B6" style="r85_20" originx="23.622047244094" originy="81.692913385826" rotation="0" />
    <pcbpin number="15" name="B7" style="r85_20" originx="-7.8740157480314" originy="81.692913385826" rotation="0" />
    <pcbpin number="16" name="B8" style="r85_20" originx="-39.370078740157" originy="81.692913385826" rotation="0" />
    <line layer="TOP_ASSEMBLY" originx="-220.47244094488" originy="-177.16535433071" endx="220.47244094488" endy="-177.16535433071" width="3.9370078740157" />
    <line layer="TOP_ASSEMBLY" originx="220.47244094488" originy="-177.16535433071" endx="220.47244094488" endy="86.614173228345" width="3.9370078740157" />
    <line layer="TOP_ASSEMBLY" originx="220.47244094488" originy="86.614173228345" endx="-220.47244094488" endy="86.614173228345" width="3.9370078740157" />
    <line layer="TOP_ASSEMBLY" originx="-220.47244094488" originy="86.614173228345" endx="-220.47244094488" endy="-177.16535433071" width="3.9370078740157" />
    <line layer="TOP_PLACE_BOUND" originx="-322.63779527559" originy="137.79527559055" endx="322.63779527559" endy="137.79527559055" width="3.9370078740157" />
    <line layer="TOP_PLACE_BOUND" originx="322.63779527559" originy="137.79527559055" endx="322.63779527559" endy="-88.582677165353" width="3.9370078740157" />
    <line layer="TOP_PLACE_BOUND" originx="322.63779527559" originy="-88.582677165353" endx="-322.63779527559" endy="-88.582677165353" width="3.9370078740157" />
    <line layer="TOP_PLACE_BOUND" originx="-322.63779527559" originy="-88.582677165353" endx="-322.63779527559" endy="137.79527559055" width="3.9370078740157" />
    <line layer="TOP_PLACE_BOUND" originx="-362.00787401574" originy="177.16535433071" endx="362.00787401574" endy="177.16535433071" width="3.9370078740157" />
    <line layer="TOP_PLACE_BOUND" originx="362.00787401574" originy="177.16535433071" endx="362.00787401574" endy="-88.582677165353" width="3.9370078740157" />
    <line layer="TOP_PLACE_BOUND" originx="362.00787401574" originy="-88.582677165353" endx="-362.00787401574" endy="-88.582677165353" width="3.9370078740157" />
    <line layer="TOP_PLACE_BOUND" originx="-362.00787401574" originy="-88.582677165353" endx="-362.00787401574" endy="177.16535433071" width="3.9370078740157" />
    <line layer="TOP_SILKSCREEN" originx="-101.3779527559" originy="122.04724409449" endx="-101.3779527559" endy="122.04724409449" width="3.9370078740157" />
    <arc layer="TOP_SILKSCREEN" originx="-101.3779527559" originy="120.07874015748" startangle="90.0" sweepangle="180.0" radius="1.9685039370079" width="3.9370078740157" />
    <line layer="TOP_SILKSCREEN" originx="-101.3779527559" originy="118.11023622047" endx="-101.3779527559" endy="118.11023622047" width="3.9370078740157" />
    <arc layer="TOP_SILKSCREEN" originx="-101.3779527559" originy="120.07874015748" startangle="-90.0" sweepangle="180.0" radius="1.9685039370079" width="3.9370078740157" />
    <line layer="TOP_SILKSCREEN" originx="-157.48031496063" originy="86.614173228345" endx="-220.47244094488" endy="86.614173228345" width="7.8740157480314" />
    <line layer="TOP_SILKSCREEN" originx="-220.47244094488" originy="86.614173228345" endx="-220.47244094488" endy="70.866141732283" width="7.8740157480314" />
    <line layer="TOP_SILKSCREEN" originx="157.48031496063" originy="86.614173228345" endx="220.47244094488" endy="86.614173228345" width="7.8740157480314" />
    <line layer="TOP_SILKSCREEN" originx="220.47244094488" originy="86.614173228345" endx="220.47244094488" endy="70.866141732283" width="7.8740157480314" />
  </footprint>
  <symbol name="CX90MW8-16P1" originx="0" originy="0">
    <line originx="200" originy="100" endx="1000" endy="100" width="0" />
    <line originx="1000" originy="-1400" endx="1000" endy="100" width="0" />
    <line originx="1000" originy="-1400" endx="200" endy="-1400" width="0" />
    <line originx="200" originy="100" endx="200" endy="-1400" width="0" />
    <sympin number="1" originx="1000" originy="0" rotation="0" length="100" width="7.8740157480315" flipped="False">
      <text name="pinname" originx="970" originy="0" style="Default" rotation="0" justify="right" flipped="False" hidden="False" data="MID_1" />
      <text name="pindes" originx="1060" originy="20" style="Default" rotation="0" justify="lowerleft" flipped="False" hidden="False" data="1" />
    </sympin>
    <sympin number="2" originx="1000" originy="-1300" rotation="0" length="100" width="7.8740157480315" flipped="False">
      <text name="pinname" originx="970" originy="-1300" style="Default" rotation="0" justify="right" flipped="False" hidden="False" data="MID_2" />
      <text name="pindes" originx="1060" originy="-1280" style="Default" rotation="0" justify="lowerleft" flipped="False" hidden="False" data="2" />
    </sympin>
    <sympin number="3" originx="200" originy="0" rotation="180" length="100" width="7.8740157480315" flipped="False">
      <text name="pinname" originx="230" originy="0" style="Default" rotation="0" justify="left" flipped="False" hidden="False" data="MH1" />
      <text name="pindes" originx="140" originy="20" style="Default" rotation="0" justify="lowerright" flipped="False" hidden="False" data="3" />
    </sympin>
    <sympin number="4" originx="200" originy="-100" rotation="180" length="100" width="7.8740157480315" flipped="False">
      <text name="pinname" originx="230" originy="-100" style="Default" rotation="0" justify="left" flipped="False" hidden="False" data="MH2" />
      <text name="pindes" originx="140" originy="-80" style="Default" rotation="0" justify="lowerright" flipped="False" hidden="False" data="4" />
    </sympin>
    <sympin number="5" originx="1000" originy="-100" rotation="0" length="100" width="7.8740157480315" flipped="False">
      <text name="pinname" originx="970" originy="-100" style="Default" rotation="0" justify="right" flipped="False" hidden="False" data="GND_1" />
      <text name="pindes" originx="1060" originy="-80" style="Default" rotation="0" justify="lowerleft" flipped="False" hidden="False" data="A1" />
    </sympin>
    <sympin number="6" originx="1000" originy="-200" rotation="0" length="100" width="7.8740157480315" flipped="False">
      <text name="pinname" originx="970" originy="-200" style="Default" rotation="0" justify="right" flipped="False" hidden="False" data="VBUS_1" />
      <text name="pindes" originx="1060" originy="-180" style="Default" rotation="0" justify="lowerleft" flipped="False" hidden="False" data="A4" />
    </sympin>
    <sympin number="7" originx="1000" originy="-300" rotation="0" length="100" width="7.8740157480315" flipped="False">
      <text name="pinname" originx="970" originy="-300" style="Default" rotation="0" justify="right" flipped="False" hidden="False" data="CC1" />
      <text name="pindes" originx="1060" originy="-280" style="Default" rotation="0" justify="lowerleft" flipped="False" hidden="False" data="A5" />
    </sympin>
    <sympin number="8" originx="1000" originy="-500" rotation="0" length="100" width="7.8740157480315" flipped="False">
      <text name="pinname" originx="970" originy="-500" style="Default" rotation="0" justify="right" flipped="False" hidden="False" data="D+_1" />
      <text name="pindes" originx="1060" originy="-480" style="Default" rotation="0" justify="lowerleft" flipped="False" hidden="False" data="A6" />
    </sympin>
    <sympin number="9" originx="1000" originy="-700" rotation="0" length="100" width="7.8740157480315" flipped="False">
      <text name="pinname" originx="970" originy="-700" style="Default" rotation="0" justify="right" flipped="False" hidden="False" data="D-_1" />
      <text name="pindes" originx="1060" originy="-680" style="Default" rotation="0" justify="lowerleft" flipped="False" hidden="False" data="A7" />
    </sympin>
    <sympin number="10" originx="1000" originy="-900" rotation="0" length="100" width="7.8740157480315" flipped="False">
      <text name="pinname" originx="970" originy="-900" style="Default" rotation="0" justify="right" flipped="False" hidden="False" data="SBU1" />
      <text name="pindes" originx="1060" originy="-880" style="Default" rotation="0" justify="lowerleft" flipped="False" hidden="False" data="A8" />
    </sympin>
    <sympin number="11" originx="1000" originy="-1100" rotation="0" length="100" width="7.8740157480315" flipped="False">
      <text name="pinname" originx="970" originy="-1100" style="Default" rotation="0" justify="right" flipped="False" hidden="False" data="VBUS_2" />
      <text name="pindes" originx="1060" originy="-1080" style="Default" rotation="0" justify="lowerleft" flipped="False" hidden="False" data="A9" />
    </sympin>
    <sympin number="12" originx="1000" originy="-1200" rotation="0" length="100" width="7.8740157480315" flipped="False">
      <text name="pinname" originx="970" originy="-1200" style="Default" rotation="0" justify="right" flipped="False" hidden="False" data="GND_2" />
      <text name="pindes" originx="1060" originy="-1180" style="Default" rotation="0" justify="lowerleft" flipped="False" hidden="False" data="A12" />
    </sympin>
    <sympin number="13" originx="1000" originy="-1000" rotation="0" length="100" width="7.8740157480315" flipped="False">
      <text name="pinname" originx="970" originy="-1000" style="Default" rotation="0" justify="right" flipped="False" hidden="False" data="CC2" />
      <text name="pindes" originx="1060" originy="-980" style="Default" rotation="0" justify="lowerleft" flipped="False" hidden="False" data="B5" />
    </sympin>
    <sympin number="14" originx="1000" originy="-800" rotation="0" length="100" width="7.8740157480315" flipped="False">
      <text name="pinname" originx="970" originy="-800" style="Default" rotation="0" justify="right" flipped="False" hidden="False" data="D+_2" />
      <text name="pindes" originx="1060" originy="-780" style="Default" rotation="0" justify="lowerleft" flipped="False" hidden="False" data="B6" />
    </sympin>
    <sympin number="15" originx="1000" originy="-600" rotation="0" length="100" width="7.8740157480315" flipped="False">
      <text name="pinname" originx="970" originy="-600" style="Default" rotation="0" justify="right" flipped="False" hidden="False" data="D-_2" />
      <text name="pindes" originx="1060" originy="-580" style="Default" rotation="0" justify="lowerleft" flipped="False" hidden="False" data="B7" />
    </sympin>
    <sympin number="16" originx="1000" originy="-400" rotation="0" length="100" width="7.8740157480315" flipped="False">
      <text name="pinname" originx="970" originy="-400" style="Default" rotation="0" justify="right" flipped="False" hidden="False" data="SBU2" />
      <text name="pindes" originx="1060" originy="-380" style="Default" rotation="0" justify="lowerleft" flipped="False" hidden="False" data="B8" />
    </sympin>
  </symbol>
  <component name="CX90MW8-16P1" designatorprefix="J" height="89.566929133857" footprint="CX90MW816P1">
    <comppin designator="1" sympin="1" pinswap="0" gateswap="0" gate="1" group="1" side="" type="Any" name="MID_1" />
    <comppin designator="2" sympin="2" pinswap="0" gateswap="0" gate="1" group="1" side="" type="Any" name="MID_2" />
    <comppin designator="3" sympin="3" pinswap="0" gateswap="0" gate="1" group="1" side="" type="Any" name="MH1" />
    <comppin designator="4" sympin="4" pinswap="0" gateswap="0" gate="1" group="1" side="" type="Any" name="MH2" />
    <comppin designator="A1" sympin="5" pinswap="0" gateswap="0" gate="1" group="1" side="" type="Any" name="GND_1" />
    <comppin designator="A4" sympin="6" pinswap="0" gateswap="0" gate="1" group="1" side="" type="Any" name="VBUS_1" />
    <comppin designator="A5" sympin="7" pinswap="0" gateswap="0" gate="1" group="1" side="" type="Any" name="CC1" />
    <comppin designator="A6" sympin="8" pinswap="0" gateswap="0" gate="1" group="1" side="" type="Any" name="D+_1" />
    <comppin designator="A7" sympin="9" pinswap="0" gateswap="0" gate="1" group="1" side="" type="Any" name="D-_1" />
    <comppin designator="A8" sympin="10" pinswap="0" gateswap="0" gate="1" group="1" side="" type="Any" name="SBU1" />
    <comppin designator="A9" sympin="11" pinswap="0" gateswap="0" gate="1" group="1" side="" type="Any" name="VBUS_2" />
    <comppin designator="A12" sympin="12" pinswap="0" gateswap="0" gate="1" group="1" side="" type="Any" name="GND_2" />
    <comppin designator="B5" sympin="13" pinswap="0" gateswap="0" gate="1" group="1" side="" type="Any" name="CC2" />
    <comppin designator="B6" sympin="14" pinswap="0" gateswap="0" gate="1" group="1" side="" type="Any" name="D+_2" />
    <comppin designator="B7" sympin="15" pinswap="0" gateswap="0" gate="1" group="1" side="" type="Any" name="D-_2" />
    <comppin designator="B8" sympin="16" pinswap="0" gateswap="0" gate="1" group="1" side="" type="Any" name="SBU2" />
    <attached_symbol gate="1" name="CX90MW8-16P1" />
    <pinmap designator="1" footprintpin="1" />
    <pinmap designator="2" footprintpin="2" />
    <pinmap designator="3" footprintpin="3" />
    <pinmap designator="4" footprintpin="4" />
    <pinmap designator="A1" footprintpin="5" />
    <pinmap designator="A4" footprintpin="6" />
    <pinmap designator="A5" footprintpin="7" />
    <pinmap designator="A6" footprintpin="8" />
    <pinmap designator="A7" footprintpin="9" />
    <pinmap designator="A8" footprintpin="10" />
    <pinmap designator="A9" footprintpin="11" />
    <pinmap designator="A12" footprintpin="12" />
    <pinmap designator="B5" footprintpin="13" />
    <pinmap designator="B6" footprintpin="14" />
    <pinmap designator="B7" footprintpin="15" />
    <pinmap designator="B8" footprintpin="16" />
    <text name="Datasheet" originx="0" originy="0" style="Default" rotation="0" justify="" flipped="False" hidden="True" data="https://www.hirose.com/en/product/p/CL0480-1037-0-00" />
    <text name="Description" originx="0" originy="0" style="Default" rotation="0" justify="" flipped="False" hidden="True" data="USB-C (USB TYPE-C) USB 2.0 Receptacle Connector 24 (16+8 Dummy) Position Surface Mount, Right Angle" />
    <text name="Mouser Part Number" originx="0" originy="0" style="Default" rotation="0" justify="" flipped="False" hidden="True" data="798-CX90MW8-16P1" />
    <text name="Mouser Price/Stock" originx="0" originy="0" style="Default" rotation="0" justify="" flipped="False" hidden="True" data="https://www.mouser.co.uk/ProductDetail/Hirose-Connector/CX90MW8-16P1?qs=ZcfC38r4PoufgP%2F29rnabA%3D%3D" />
    <text name="Manufacturer_Name" originx="0" originy="0" style="Default" rotation="0" justify="" flipped="False" hidden="True" data="Hirose" />
    <text name="Manufacturer_Part_Number" originx="1050" originy="200" style="Default" rotation="0" justify="left" flipped="False" hidden="False" data="CX90MW8-16P1" />
  </component>
</quadcept_library>
