<?xml version="1.0" encoding="utf-8"?>
<!--/4627284/986527/2.50/2/2/Loudspeaker or Buzzer/-->
<quadcept_library>
  <setting unit="mil" />
  <textstyle name="Default" height="47.244094488189" strokewidth="7.8740157480315" charwidth="47.244094488189" />
  <textstyle name="Dimension" height="19.6850393700787" strokewidth="0" charwidth="19.6850393700787" />
  <textstyle name="H127W0635TH00762" height="50" strokewidth="3" charwidth="25" />
  <textstyle name="H15W15TH02" height="59.0551181102362" strokewidth="7.8740157480315" charwidth="59.0551181102362" />
  <padstyle name="r250_200" surface="True" plated="False" isvia="False" nopaste="False" nomask="True" complex="False" holesize="0">
    <padshape layer="TOP" shape="rectangle" width="78.740157480314" height="98.425196850392" />
    <padshape layer="TOP_SOLDER_MASK" shape="rectangle" width="86.614173228345" height="106.29921259842" />
    <padshape layer="TOP_SOLDER_PASTE" shape="rectangle" width="78.740157480314" height="98.425196850392" />
  </padstyle>
  <footprint name="CPT162580SMTTR" originx="0" originy="0" pickpointx="0" pickpointy="0">
    <pcbpin number="1" name="1" style="r250_200" originx="0" originy="-295.27559055118" rotation="90" />
    <pcbpin number="2" name="2" style="r250_200" originx="0" originy="295.27559055118" rotation="90" />
    <line layer="TOP_ASSEMBLY" originx="-255.90551181102" originy="255.90551181102" endx="255.90551181102" endy="255.90551181102" width="7.8740157480314" />
    <line layer="TOP_ASSEMBLY" originx="255.90551181102" originy="255.90551181102" endx="255.90551181102" endy="-255.90551181102" width="7.8740157480314" />
    <line layer="TOP_ASSEMBLY" originx="255.90551181102" originy="-255.90551181102" endx="-255.90551181102" endy="-255.90551181102" width="7.8740157480314" />
    <line layer="TOP_ASSEMBLY" originx="-255.90551181102" originy="-255.90551181102" endx="-255.90551181102" endy="255.90551181102" width="7.8740157480314" />
    <line layer="TOP_PLACE_BOUND" originx="-295.27559055118" originy="374.01574803149" endx="295.27559055118" endy="374.01574803149" width="3.9370078740157" />
    <line layer="TOP_PLACE_BOUND" originx="295.27559055118" originy="374.01574803149" endx="295.27559055118" endy="-374.01574803149" width="3.9370078740157" />
    <line layer="TOP_PLACE_BOUND" originx="295.27559055118" originy="-374.01574803149" endx="-295.27559055118" endy="-374.01574803149" width="3.9370078740157" />
    <line layer="TOP_PLACE_BOUND" originx="-295.27559055118" originy="-374.01574803149" endx="-295.27559055118" endy="374.01574803149" width="3.9370078740157" />
    <line layer="TOP_SILKSCREEN" originx="78.740157480314" originy="255.90551181102" endx="255.90551181102" endy="255.90551181102" width="3.9370078740157" />
    <line layer="TOP_SILKSCREEN" originx="255.90551181102" originy="255.90551181102" endx="255.90551181102" endy="-255.90551181102" width="3.9370078740157" />
    <line layer="TOP_SILKSCREEN" originx="255.90551181102" originy="-255.90551181102" endx="78.740157480314" endy="-255.90551181102" width="3.9370078740157" />
    <line layer="TOP_SILKSCREEN" originx="-78.740157480314" originy="255.90551181102" endx="-255.90551181102" endy="255.90551181102" width="3.9370078740157" />
    <line layer="TOP_SILKSCREEN" originx="-255.90551181102" originy="255.90551181102" endx="-255.90551181102" endy="-255.90551181102" width="3.9370078740157" />
    <line layer="TOP_SILKSCREEN" originx="-255.90551181102" originy="-255.90551181102" endx="-78.740157480314" endy="-255.90551181102" width="3.9370078740157" />
    <line layer="TOP_SILKSCREEN" originx="0" originy="-350.3937007874" endx="0" endy="-350.3937007874" width="7.8740157480314" />
    <arc layer="TOP_SILKSCREEN" originx="-1.4205609567054E-14" originy="-354.33070866141" startangle="90.0" sweepangle="180.0" radius="3.9370078740157" width="7.8740157480314" />
    <line layer="TOP_SILKSCREEN" originx="0" originy="-358.26771653543" endx="0" endy="-358.26771653543" width="7.8740157480314" />
    <arc layer="TOP_SILKSCREEN" originx="-1.4205609567054E-14" originy="-354.33070866141" startangle="-90.0" sweepangle="180.0" radius="3.9370078740157" width="7.8740157480314" />
  </footprint>
  <symbol name="CPT-1625-80-SMT-TR" originx="0" originy="0">
    <line originx="200" originy="50" endx="280" endy="50" width="0" />
    <line originx="380" originy="150" endx="280" endy="50" width="0" />
    <line originx="380" originy="150" endx="380" endy="-250" width="0" />
    <line originx="280" originy="-150" endx="380" endy="-250" width="0" />
    <line originx="280" originy="-150" endx="200" endy="-150" width="0" />
    <line originx="200" originy="50" endx="200" endy="-150" width="0" />
    <sympin number="1" originx="200" originy="0" rotation="180" length="100" width="7.8740157480315" flipped="False">
      <text name="pinname" originx="210" originy="0" style="Default" rotation="0" justify="left" flipped="False" hidden="False" data="+" />
      <text name="pindes" originx="140" originy="20" style="Default" rotation="0" justify="lowerright" flipped="False" hidden="False" data="1" />
    </sympin>
    <sympin number="2" originx="200" originy="-100" rotation="180" length="100" width="7.8740157480315" flipped="False">
      <text name="pinname" originx="210" originy="-100" style="Default" rotation="0" justify="left" flipped="False" hidden="False" data="-" />
      <text name="pindes" originx="140" originy="-80" style="Default" rotation="0" justify="lowerright" flipped="False" hidden="False" data="2" />
    </sympin>
  </symbol>
  <component name="CPT-1625-80-SMT-TR" designatorprefix="LS" height="118.11023622047" footprint="CPT162580SMTTR">
    <comppin designator="1" sympin="1" pinswap="0" gateswap="0" gate="1" group="1" side="" type="Any" name="+" />
    <comppin designator="2" sympin="2" pinswap="0" gateswap="0" gate="1" group="1" side="" type="Any" name="-" />
    <attached_symbol gate="1" name="CPT-1625-80-SMT-TR" />
    <pinmap designator="1" footprintpin="1" />
    <pinmap designator="2" footprintpin="2" />
    <text name="Datasheet" originx="0" originy="0" style="Default" rotation="0" justify="" flipped="False" hidden="True" data="https://www.sameskydevices.com/product/resource/supplyframepdf/cpt-1625-80-smt-tr.pdf" />
    <text name="Description" originx="0" originy="0" style="Default" rotation="0" justify="" flipped="False" hidden="True" data="16.8 mm, 5 Vp-p, 80 dB, Surface Mount (SMT), Piezo Audio Transducer Buzzer" />
    <text name="Mouser Part Number" originx="0" originy="0" style="Default" rotation="0" justify="" flipped="False" hidden="True" data="490-CPT-1625-80SMTTR" />
    <text name="Mouser Price/Stock" originx="0" originy="0" style="Default" rotation="0" justify="" flipped="False" hidden="True" data="https://www.mouser.co.uk/ProductDetail/CUI-Devices/CPT-1625-80-SMT-TR?qs=P1JMDcb91o43eCFIymFs3Q%3D%3D" />
    <text name="Manufacturer_Name" originx="0" originy="0" style="Default" rotation="0" justify="" flipped="False" hidden="True" data="Same Sky" />
    <text name="Manufacturer_Part_Number" originx="450" originy="-100" style="Default" rotation="0" justify="left" flipped="False" hidden="False" data="CPT-1625-80-SMT-TR" />
  </component>
</quadcept_library>
