<?xml version="1.0" encoding="utf-8"?>
<!--/16141553/986527/2.50/4/4/Connector/-->
<quadcept_library>
  <setting unit="mil" />
  <textstyle name="Default" height="47.244094488189" strokewidth="7.8740157480315" charwidth="47.244094488189" />
  <textstyle name="Dimension" height="19.6850393700787" strokewidth="0" charwidth="19.6850393700787" />
  <textstyle name="H127W0635TH00762" height="50" strokewidth="3" charwidth="25" />
  <textstyle name="H15W15TH02" height="59.0551181102362" strokewidth="7.8740157480315" charwidth="59.0551181102362" />
  <padstyle name="c270_h180" surface="False" plated="True" isvia="False" nopaste="True" nomask="True" complex="False" holesize="70.866141732283">
    <padshape layer="TOP" shape="round" width="106.29921259842" height="106.29921259842" />
    <padshape layer="TOP_SOLDER_MASK" shape="round" width="114.17322834646" height="114.17322834646" />
    <padshape layer="INNER" shape="round" width="106.29921259842" height="106.29921259842" />
    <padshape layer="BOTTOM" shape="round" width="106.29921259842" height="106.29921259842" />
    <padshape layer="BOTTOM_SOLDER_MASK" shape="round" width="114.17322834646" height="114.17322834646" />
  </padstyle>
  <padstyle name="s405_h270" surface="False" plated="True" isvia="False" nopaste="True" nomask="True" complex="False" holesize="106.29921259842">
    <padshape layer="TOP" shape="square" width="159.44881889764" height="159.44881889764" />
    <padshape layer="TOP_SOLDER_MASK" shape="square" width="167.32283464567" height="167.32283464567" />
    <padshape layer="INNER" shape="square" width="159.44881889764" height="159.44881889764" />
    <padshape layer="BOTTOM" shape="square" width="159.44881889764" height="159.44881889764" />
    <padshape layer="BOTTOM_SOLDER_MASK" shape="square" width="167.32283464567" height="167.32283464567" />
  </padstyle>
  <padstyle name="c405_h270" surface="False" plated="True" isvia="False" nopaste="True" nomask="True" complex="False" holesize="106.29921259842">
    <padshape layer="TOP" shape="round" width="159.44881889764" height="159.44881889764" />
    <padshape layer="TOP_SOLDER_MASK" shape="round" width="167.32283464567" height="167.32283464567" />
    <padshape layer="INNER" shape="round" width="159.44881889764" height="159.44881889764" />
    <padshape layer="BOTTOM" shape="round" width="159.44881889764" height="159.44881889764" />
    <padshape layer="BOTTOM_SOLDER_MASK" shape="round" width="167.32283464567" height="167.32283464567" />
  </padstyle>
  <footprint name="XT60PWF" originx="0" originy="0" pickpointx="0" pickpointy="0">
    <pcbpin number="1" name="1" style="s405_h270" originx="0" originy="0" rotation="90" />
    <pcbpin number="2" name="2" style="c405_h270" originx="283.46456692913" originy="0" rotation="90" />
    <pcbpin number="3" name="3" style="c270_h180" originx="-124.01574803149" originy="236.22047244094" rotation="90" />
    <pcbpin number="4" name="4" style="c270_h180" originx="407.48031496062" originy="236.22047244094" rotation="90" />
    <line layer="TOP_PLACE_BOUND" originx="535.43307086614" originy="643.70078740157" endx="-251.968503937" endy="643.70078740157" width="3.9370078740157" />
    <line layer="TOP_PLACE_BOUND" originx="-251.968503937" originy="643.70078740157" endx="-251.968503937" endy="-119.09448818897" width="3.9370078740157" />
    <line layer="TOP_PLACE_BOUND" originx="-251.968503937" originy="-119.09448818897" endx="535.43307086614" endy="-119.09448818897" width="3.9370078740157" />
    <line layer="TOP_PLACE_BOUND" originx="535.43307086614" originy="-119.09448818897" endx="535.43307086614" endy="643.70078740157" width="3.9370078740157" />
    <line layer="TOP_ASSEMBLY" originx="181.10236220472" originy="-72.83464566929" endx="377.95275590551" endy="-72.83464566929" width="3.9370078740157" />
    <line layer="TOP_ASSEMBLY" originx="377.95275590551" originy="-72.83464566929" endx="437.00787401574" endy="59.055118110235" width="3.9370078740157" />
    <line layer="TOP_ASSEMBLY" originx="437.00787401574" originy="59.055118110235" endx="446.85039370078" endy="59.055118110235" width="3.9370078740157" />
    <line layer="TOP_ASSEMBLY" originx="446.85039370078" originy="59.055118110235" endx="446.85039370078" endy="137.79527559055" width="3.9370078740157" />
    <line layer="TOP_ASSEMBLY" originx="446.85039370078" originy="137.79527559055" endx="446.85039370078" endy="196.85039370078" width="3.9370078740157" />
    <line layer="TOP_ASSEMBLY" originx="446.85039370078" originy="196.85039370078" endx="446.85039370078" endy="301.1811023622" width="3.9370078740157" />
    <line layer="TOP_ASSEMBLY" originx="446.85039370078" originy="301.1811023622" endx="-163.38582677165" endy="301.1811023622" width="3.9370078740157" />
    <line layer="TOP_ASSEMBLY" originx="-163.38582677165" originy="301.1811023622" endx="-163.38582677165" endy="59.055118110235" width="3.9370078740157" />
    <line layer="TOP_ASSEMBLY" originx="-163.38582677165" originy="59.055118110235" endx="-153.54330708661" endy="59.055118110235" width="3.9370078740157" />
    <line layer="TOP_ASSEMBLY" originx="-153.54330708661" originy="59.055118110235" endx="-94.488188976377" endy="-72.83464566929" width="3.9370078740157" />
    <line layer="TOP_ASSEMBLY" originx="-94.488188976377" originy="-72.83464566929" endx="181.10236220472" endy="-72.83464566929" width="3.9370078740157" />
    <line layer="TOP_ASSEMBLY" originx="417.32283464566" originy="301.1811023622" endx="417.32283464566" endy="604.33070866141" width="3.9370078740157" />
    <line layer="TOP_ASSEMBLY" originx="417.32283464566" originy="604.33070866141" endx="-133.85826771653" endy="604.33070866141" width="3.9370078740157" />
    <line layer="TOP_ASSEMBLY" originx="-133.85826771653" originy="604.33070866141" endx="-133.85826771653" endy="301.1811023622" width="3.9370078740157" />
    <line layer="TOP_SILKSCREEN" originx="417.32283464566" originy="334.64566929133" endx="417.32283464566" endy="604.33070866141" width="7.8740157480314" />
    <line layer="TOP_SILKSCREEN" originx="417.32283464566" originy="604.33070866141" endx="-133.85826771653" endy="604.33070866141" width="7.8740157480314" />
    <line layer="TOP_SILKSCREEN" originx="-133.85826771653" originy="604.33070866141" endx="-133.85826771653" endy="334.64566929133" width="7.8740157480314" />
    <line layer="TOP_SILKSCREEN" originx="377.95275590551" originy="301.1811023622" endx="-94.488188976377" endy="301.1811023622" width="7.8740157480314" />
    <line layer="TOP_SILKSCREEN" originx="446.85039370078" originy="157.48031496063" endx="446.85039370078" endy="59.055118110235" width="7.8740157480314" />
    <line layer="TOP_SILKSCREEN" originx="446.85039370078" originy="59.055118110235" endx="437.00787401574" endy="59.055118110235" width="7.8740157480314" />
    <line layer="TOP_SILKSCREEN" originx="437.00787401574" originy="59.055118110235" endx="377.95275590551" endy="-72.83464566929" width="7.8740157480314" />
    <line layer="TOP_SILKSCREEN" originx="0" originy="-100.3937007874" endx="0" endy="-100.3937007874" width="3.9370078740157" />
    <arc layer="TOP_SILKSCREEN" originx="1.6391087961985E-15" originy="-102.36220472441" startangle="90.0" sweepangle="180.0" radius="1.9685039370079" width="3.9370078740157" />
    <line layer="TOP_SILKSCREEN" originx="0" originy="-104.33070866142" endx="0" endy="-104.33070866142" width="3.9370078740157" />
    <arc layer="TOP_SILKSCREEN" originx="1.6391087961985E-15" originy="-102.36220472441" startangle="-90.0" sweepangle="180.0" radius="1.9685039370079" width="3.9370078740157" />
    <line layer="TOP_SILKSCREEN" originx="-163.38582677165" originy="157.48031496063" endx="-163.38582677165" endy="59.055118110235" width="7.8740157480314" />
    <line layer="TOP_SILKSCREEN" originx="-163.38582677165" originy="59.055118110235" endx="-153.54330708661" endy="59.055118110235" width="7.8740157480314" />
    <line layer="TOP_SILKSCREEN" originx="-153.54330708661" originy="59.055118110235" endx="-110.23622047244" endy="-39.370078740157" width="7.8740157480314" />
  </footprint>
  <symbol name="XT60PW-F" originx="0" originy="0">
    <line originx="200" originy="100" endx="700" endy="100" width="0" />
    <line originx="700" originy="-200" endx="700" endy="100" width="0" />
    <line originx="700" originy="-200" endx="200" endy="-200" width="0" />
    <line originx="200" originy="100" endx="200" endy="-200" width="0" />
    <sympin number="1" originx="200" originy="0" rotation="180" length="100" width="7.8740157480315" flipped="False">
      <text name="pinname" originx="230" originy="0" style="Default" rotation="0" justify="left" flipped="False" hidden="False" data="1" />
      <text name="pindes" originx="140" originy="20" style="Default" rotation="0" justify="lowerright" flipped="False" hidden="False" data="1" />
    </sympin>
    <sympin number="2" originx="200" originy="-100" rotation="180" length="100" width="7.8740157480315" flipped="False">
      <text name="pinname" originx="230" originy="-100" style="Default" rotation="0" justify="left" flipped="False" hidden="False" data="2" />
      <text name="pindes" originx="140" originy="-80" style="Default" rotation="0" justify="lowerright" flipped="False" hidden="False" data="2" />
    </sympin>
    <sympin number="3" originx="700" originy="0" rotation="0" length="100" width="7.8740157480315" flipped="False">
      <text name="pinname" originx="670" originy="0" style="Default" rotation="0" justify="right" flipped="False" hidden="False" data="MH1" />
      <text name="pindes" originx="760" originy="20" style="Default" rotation="0" justify="lowerleft" flipped="False" hidden="False" data="3" />
    </sympin>
    <sympin number="4" originx="700" originy="-100" rotation="0" length="100" width="7.8740157480315" flipped="False">
      <text name="pinname" originx="670" originy="-100" style="Default" rotation="0" justify="right" flipped="False" hidden="False" data="MH2" />
      <text name="pindes" originx="760" originy="-80" style="Default" rotation="0" justify="lowerleft" flipped="False" hidden="False" data="4" />
    </sympin>
  </symbol>
  <component name="XT60PW-F" designatorprefix="J" height="330.70866141732" footprint="XT60PWF">
    <comppin designator="1" sympin="1" pinswap="0" gateswap="0" gate="1" group="1" side="" type="Any" name="1" />
    <comppin designator="2" sympin="2" pinswap="0" gateswap="0" gate="1" group="1" side="" type="Any" name="2" />
    <comppin designator="3" sympin="3" pinswap="0" gateswap="0" gate="1" group="1" side="" type="Any" name="MH1" />
    <comppin designator="4" sympin="4" pinswap="0" gateswap="0" gate="1" group="1" side="" type="Any" name="MH2" />
    <attached_symbol gate="1" name="XT60PW-F" />
    <pinmap designator="1" footprintpin="1" />
    <pinmap designator="2" footprintpin="2" />
    <pinmap designator="3" footprintpin="3" />
    <pinmap designator="4" footprintpin="4" />
    <text name="Datasheet" originx="0" originy="0" style="Default" rotation="0" justify="" flipped="False" hidden="True" data="https://www.tme.eu/Document/1191bc2fa3aee3c446e5a895fd8f7983/XT60PW-F.pdf" />
    <text name="Description" originx="0" originy="0" style="Default" rotation="0" justify="" flipped="False" hidden="True" data="Socket; DC supply; XT60; female; PIN: 2; on PCBs; THT; Colour: yellow" />
    <text name="Manufacturer_Name" originx="0" originy="0" style="Default" rotation="0" justify="" flipped="False" hidden="True" data="Amass" />
    <text name="Manufacturer_Part_Number" originx="750" originy="200" style="Default" rotation="0" justify="left" flipped="False" hidden="False" data="XT60PW-F" />
    <text name="Mouser Part Number" originx="0" originy="0" style="Default" rotation="0" justify="" flipped="False" hidden="True" data="" />
    <text name="Mouser Price/Stock" originx="0" originy="0" style="Default" rotation="0" justify="" flipped="False" hidden="True" data="" />
    <text name="Arrow Part Number" originx="0" originy="0" style="Default" rotation="0" justify="" flipped="False" hidden="True" data="" />
    <text name="Arrow Price/Stock" originx="0" originy="0" style="Default" rotation="0" justify="" flipped="False" hidden="True" data="" />
  </component>
</quadcept_library>
