<?xml version="1.0" encoding="utf-8"?>
<!--/1350764/986527/2.50/2/5/Resistor/-->
<quadcept_library>
  <setting unit="mil" />
  <textstyle name="Default" height="47.244094488189" strokewidth="7.8740157480315" charwidth="47.244094488189" />
  <textstyle name="Dimension" height="19.6850393700787" strokewidth="0" charwidth="19.6850393700787" />
  <textstyle name="H127W0635TH00762" height="50" strokewidth="3" charwidth="25" />
  <textstyle name="H15W15TH02" height="59.0551181102362" strokewidth="7.8740157480315" charwidth="59.0551181102362" />
  <padstyle name="r330_245" surface="True" plated="False" isvia="False" nopaste="False" nomask="True" complex="False" holesize="0">
    <padshape layer="TOP" shape="rectangle" width="96.456692913385" height="129.92125984252" />
    <padshape layer="TOP_SOLDER_MASK" shape="rectangle" width="104.33070866142" height="137.79527559055" />
    <padshape layer="TOP_SOLDER_PASTE" shape="rectangle" width="96.456692913385" height="129.92125984252" />
  </padstyle>
  <footprint name="RESC6331X80N" originx="0" originy="0" pickpointx="0" pickpointy="0">
    <pcbpin number="1" name="1" style="r330_245" originx="-94.488188976377" originy="0" rotation="0" />
    <pcbpin number="2" name="2" style="r330_245" originx="94.488188976377" originy="0" rotation="0" />
    <line layer="TOP_PLACE_BOUND" originx="-152.55905511811" originy="74.803149606298" endx="152.55905511811" endy="74.803149606298" width="1.9685039370079" />
    <line layer="TOP_PLACE_BOUND" originx="152.55905511811" originy="74.803149606298" endx="152.55905511811" endy="-74.803149606298" width="1.9685039370079" />
    <line layer="TOP_PLACE_BOUND" originx="152.55905511811" originy="-74.803149606298" endx="-152.55905511811" endy="-74.803149606298" width="1.9685039370079" />
    <line layer="TOP_PLACE_BOUND" originx="-152.55905511811" originy="-74.803149606298" endx="-152.55905511811" endy="74.803149606298" width="1.9685039370079" />
    <line layer="TOP_ASSEMBLY" originx="-124.01574803149" originy="61.023622047243" endx="124.01574803149" endy="61.023622047243" width="3.9370078740157" />
    <line layer="TOP_ASSEMBLY" originx="124.01574803149" originy="61.023622047243" endx="124.01574803149" endy="-61.023622047243" width="3.9370078740157" />
    <line layer="TOP_ASSEMBLY" originx="124.01574803149" originy="-61.023622047243" endx="-124.01574803149" endy="-61.023622047243" width="3.9370078740157" />
    <line layer="TOP_ASSEMBLY" originx="-124.01574803149" originy="-61.023622047243" endx="-124.01574803149" endy="61.023622047243" width="3.9370078740157" />
    <line layer="TOP_SILKSCREEN" originx="0" originy="57.086614173228" endx="0" endy="-57.086614173228" width="7.8740157480314" />
  </footprint>
  <symbol name="CRM2512-JW-330ELF" originx="0" originy="0">
    <line originx="200" originy="50" endx="500" endy="50" width="0" />
    <line originx="500" originy="-50" endx="500" endy="50" width="0" />
    <line originx="500" originy="-50" endx="200" endy="-50" width="0" />
    <line originx="200" originy="50" endx="200" endy="-50" width="0" />
    <sympin number="1" originx="200" originy="0" rotation="180" length="100" width="7.8740157480315" flipped="False">
      <text name="pinname" originx="0" originy="-10" style="Default" rotation="0" justify="upperleft" flipped="False" hidden="True" data="1" />
      <text name="pindes" originx="0" originy="10" style="Default" rotation="0" justify="lowerleft" flipped="False" hidden="False" data="1" />
    </sympin>
    <sympin number="2" originx="500" originy="0" rotation="0" length="100" width="7.8740157480315" flipped="False">
      <text name="pinname" originx="700" originy="-10" style="Default" rotation="0" justify="upperright" flipped="False" hidden="True" data="2" />
      <text name="pindes" originx="700" originy="10" style="Default" rotation="0" justify="lowerright" flipped="False" hidden="False" data="2" />
    </sympin>
  </symbol>
  <component name="CRM2512-JW-330ELF" designatorprefix="R" height="31.496062992126" footprint="RESC6331X80N">
    <comppin designator="1" sympin="1" pinswap="0" gateswap="0" gate="1" group="1" side="" type="Any" name="1" />
    <comppin designator="2" sympin="2" pinswap="0" gateswap="0" gate="1" group="1" side="" type="Any" name="2" />
    <attached_symbol gate="1" name="CRM2512-JW-330ELF" />
    <pinmap designator="1" footprintpin="1" />
    <pinmap designator="2" footprintpin="2" />
    <text name="Datasheet" originx="0" originy="0" style="Default" rotation="0" justify="" flipped="False" hidden="True" data="http://www.bourns.com/data/global/pdfs/CRM0805_1206_2010.pdf" />
    <text name="Description" originx="0" originy="0" style="Default" rotation="0" justify="" flipped="False" hidden="True" data="Current Sense Resistors - SMD 2watts 5% 33ohms 200 PPM 2512" />
    <text name="Mouser Part Number" originx="0" originy="0" style="Default" rotation="0" justify="" flipped="False" hidden="True" data="652-CRM2512JW330ELF" />
    <text name="Mouser Price/Stock" originx="0" originy="0" style="Default" rotation="0" justify="" flipped="False" hidden="True" data="https://www.mouser.co.uk/ProductDetail/Bourns/CRM2512-JW-330ELF?qs=dxeCVZFKEXcR8BXxHz0dQA%3D%3D" />
    <text name="Manufacturer_Name" originx="0" originy="0" style="Default" rotation="0" justify="" flipped="False" hidden="True" data="Bourns" />
    <text name="Manufacturer_Part_Number" originx="550" originy="150" style="Default" rotation="0" justify="left" flipped="False" hidden="False" data="CRM2512-JW-330ELF" />
  </component>
</quadcept_library>
