<?xml version="1.0" encoding="utf-8"?>
<!--/809663/986527/2.50/4/4/Connector/-->
<quadcept_library>
  <setting unit="mil" />
  <textstyle name="Default" height="47.244094488189" strokewidth="7.8740157480315" charwidth="47.244094488189" />
  <textstyle name="Dimension" height="19.6850393700787" strokewidth="0" charwidth="19.6850393700787" />
  <textstyle name="H127W0635TH00762" height="50" strokewidth="3" charwidth="25" />
  <textstyle name="H15W15TH02" height="59.0551181102362" strokewidth="7.8740157480315" charwidth="59.0551181102362" />
  <padstyle name="r290_80" surface="True" plated="False" isvia="False" nopaste="False" nomask="True" complex="False" holesize="0">
    <padshape layer="TOP" shape="rectangle" width="31.496062992126" height="114.17322834646" />
    <padshape layer="TOP_SOLDER_MASK" shape="rectangle" width="39.370078740157" height="122.04724409449" />
    <padshape layer="TOP_SOLDER_PASTE" shape="rectangle" width="31.496062992126" height="114.17322834646" />
  </padstyle>
  <padstyle name="r380_180" surface="True" plated="False" isvia="False" nopaste="False" nomask="True" complex="False" holesize="0">
    <padshape layer="TOP" shape="rectangle" width="70.866141732283" height="149.6062992126" />
    <padshape layer="TOP_SOLDER_MASK" shape="rectangle" width="78.740157480314" height="157.48031496063" />
    <padshape layer="TOP_SOLDER_PASTE" shape="rectangle" width="70.866141732283" height="149.6062992126" />
  </padstyle>
  <footprint name="5025850270" originx="0" originy="0" pickpointx="0" pickpointy="0">
    <pcbpin number="1" name="1" style="r290_80" originx="-29.527559055118" originy="130.90551181102" rotation="0" />
    <pcbpin number="2" name="2" style="r290_80" originx="29.527559055118" originy="130.90551181102" rotation="0" />
    <pcbpin number="3" name="3" style="r380_180" originx="-131.88976377953" originy="-54.133858267716" rotation="0" />
    <pcbpin number="4" name="4" style="r380_180" originx="131.88976377953" originy="-54.133858267716" rotation="0" />
    <line layer="TOP_ASSEMBLY" originx="-143.70078740157" originy="97.440944881889" endx="143.70078740157" endy="97.440944881889" width="7.8740157480314" />
    <line layer="TOP_ASSEMBLY" originx="143.70078740157" originy="97.440944881889" endx="143.70078740157" endy="-187.99212598425" width="7.8740157480314" />
    <line layer="TOP_ASSEMBLY" originx="143.70078740157" originy="-187.99212598425" endx="-143.70078740157" endy="-187.99212598425" width="7.8740157480314" />
    <line layer="TOP_ASSEMBLY" originx="-143.70078740157" originy="-187.99212598425" endx="-143.70078740157" endy="97.440944881889" width="7.8740157480314" />
    <line layer="TOP_PLACE_BOUND" originx="-206.69291338582" originy="227.36220472441" endx="206.69291338582" endy="227.36220472441" width="3.9370078740157" />
    <line layer="TOP_PLACE_BOUND" originx="206.69291338582" originy="227.36220472441" endx="206.69291338582" endy="-227.36220472441" width="3.9370078740157" />
    <line layer="TOP_PLACE_BOUND" originx="206.69291338582" originy="-227.36220472441" endx="-206.69291338582" endy="-227.36220472441" width="3.9370078740157" />
    <line layer="TOP_PLACE_BOUND" originx="-206.69291338582" originy="-227.36220472441" endx="-206.69291338582" endy="227.36220472441" width="3.9370078740157" />
    <line layer="TOP_SILKSCREEN" originx="-143.70078740157" originy="38.385826771653" endx="-143.70078740157" endy="97.440944881889" width="3.9370078740157" />
    <line layer="TOP_SILKSCREEN" originx="-143.70078740157" originy="97.440944881889" endx="-59.055118110235" endy="97.440944881889" width="3.9370078740157" />
    <line layer="TOP_SILKSCREEN" originx="59.055118110235" originy="97.440944881889" endx="143.70078740157" endy="97.440944881889" width="3.9370078740157" />
    <line layer="TOP_SILKSCREEN" originx="143.70078740157" originy="97.440944881889" endx="143.70078740157" endy="38.385826771653" width="3.9370078740157" />
    <line layer="TOP_SILKSCREEN" originx="-143.70078740157" originy="-138.77952755905" endx="-143.70078740157" endy="-187.99212598425" width="3.9370078740157" />
    <line layer="TOP_SILKSCREEN" originx="-143.70078740157" originy="-187.99212598425" endx="137.79527559055" endy="-187.99212598425" width="3.9370078740157" />
    <line layer="TOP_SILKSCREEN" originx="137.79527559055" originy="-187.99212598425" endx="143.70078740157" endy="-187.99212598425" width="3.9370078740157" />
    <line layer="TOP_SILKSCREEN" originx="143.70078740157" originy="-187.99212598425" endx="143.70078740157" endy="-138.77952755905" width="3.9370078740157" />
    <line layer="TOP_SILKSCREEN" originx="-31.496062992126" originy="208.66141732283" endx="-31.496062992126" endy="208.66141732283" width="3.9370078740157" />
    <arc layer="TOP_SILKSCREEN" originx="-29.527559055118" originy="208.66141732283" startangle="180.0" sweepangle="180.0" radius="1.9685039370078" width="3.9370078740157" />
    <line layer="TOP_SILKSCREEN" originx="-27.55905511811" originy="208.66141732283" endx="-27.55905511811" endy="208.66141732283" width="3.9370078740157" />
    <arc layer="TOP_SILKSCREEN" originx="-29.527559055118" originy="208.66141732283" startangle=".0" sweepangle="180.0" radius="1.9685039370078" width="3.9370078740157" />
  </footprint>
  <symbol name="502585-0270" originx="0" originy="0">
    <line originx="200" originy="100" endx="600" endy="100" width="0" />
    <line originx="600" originy="-200" endx="600" endy="100" width="0" />
    <line originx="600" originy="-200" endx="200" endy="-200" width="0" />
    <line originx="200" originy="100" endx="200" endy="-200" width="0" />
    <sympin number="1" originx="600" originy="0" rotation="0" length="100" width="7.8740157480315" flipped="False">
      <text name="pinname" originx="570" originy="0" style="Default" rotation="0" justify="right" flipped="False" hidden="False" data="1" />
      <text name="pindes" originx="660" originy="20" style="Default" rotation="0" justify="lowerleft" flipped="False" hidden="False" data="1" />
    </sympin>
    <sympin number="2" originx="600" originy="-100" rotation="0" length="100" width="7.8740157480315" flipped="False">
      <text name="pinname" originx="570" originy="-100" style="Default" rotation="0" justify="right" flipped="False" hidden="False" data="2" />
      <text name="pindes" originx="660" originy="-80" style="Default" rotation="0" justify="lowerleft" flipped="False" hidden="False" data="2" />
    </sympin>
    <sympin number="3" originx="200" originy="0" rotation="180" length="100" width="7.8740157480315" flipped="False">
      <text name="pinname" originx="230" originy="0" style="Default" rotation="0" justify="left" flipped="False" hidden="False" data="3" />
      <text name="pindes" originx="140" originy="20" style="Default" rotation="0" justify="lowerright" flipped="False" hidden="False" data="3" />
    </sympin>
    <sympin number="4" originx="200" originy="-100" rotation="180" length="100" width="7.8740157480315" flipped="False">
      <text name="pinname" originx="230" originy="-100" style="Default" rotation="0" justify="left" flipped="False" hidden="False" data="4" />
      <text name="pindes" originx="140" originy="-80" style="Default" rotation="0" justify="lowerright" flipped="False" hidden="False" data="4" />
    </sympin>
  </symbol>
  <component name="502585-0270" designatorprefix="J" height="250" footprint="5025850270">
    <comppin designator="1" sympin="1" pinswap="0" gateswap="0" gate="1" group="1" side="" type="Any" name="1" />
    <comppin designator="2" sympin="2" pinswap="0" gateswap="0" gate="1" group="1" side="" type="Any" name="2" />
    <comppin designator="3" sympin="3" pinswap="0" gateswap="0" gate="1" group="1" side="" type="Any" name="3" />
    <comppin designator="4" sympin="4" pinswap="0" gateswap="0" gate="1" group="1" side="" type="Any" name="4" />
    <attached_symbol gate="1" name="502585-0270" />
    <pinmap designator="1" footprintpin="1" />
    <pinmap designator="2" footprintpin="2" />
    <pinmap designator="3" footprintpin="3" />
    <pinmap designator="4" footprintpin="4" />
    <text name="Datasheet" originx="0" originy="0" style="Default" rotation="0" justify="" flipped="False" hidden="True" data="https://www.molex.com/pdm_docs/sd/5025850270_sd.pdf" />
    <text name="Description" originx="0" originy="0" style="Default" rotation="0" justify="" flipped="False" hidden="True" data="MOLEX - 502585-0270 - WIRE-TO-BOARD CONNECTOR, RIGHT ANGLE, CLIK-MATE 502585 SERIES, SURFACE MOUNT, RECEPTACLE, 2, 1.5 MM 99AC1779" />
    <text name="Mouser Part Number" originx="0" originy="0" style="Default" rotation="0" justify="" flipped="False" hidden="True" data="538-502585-0270" />
    <text name="Mouser Price/Stock" originx="0" originy="0" style="Default" rotation="0" justify="" flipped="False" hidden="True" data="https://www.mouser.co.uk/ProductDetail/Molex/502585-0270?qs=3OKVfsn1b5AIV0Cqykd0DA%3D%3D" />
    <text name="Manufacturer_Name" originx="0" originy="0" style="Default" rotation="0" justify="" flipped="False" hidden="True" data="Molex" />
    <text name="Manufacturer_Part_Number" originx="650" originy="200" style="Default" rotation="0" justify="left" flipped="False" hidden="False" data="502585-0270" />
  </component>
</quadcept_library>
