<?xml version="1.0" encoding="utf-8"?>
<!--/241146/986527/2.50/4/2/Diode/-->
<quadcept_library>
  <setting unit="mil" />
  <textstyle name="Default" height="47.244094488189" strokewidth="7.8740157480315" charwidth="47.244094488189" />
  <textstyle name="Dimension" height="19.6850393700787" strokewidth="0" charwidth="19.6850393700787" />
  <textstyle name="H127W0635TH00762" height="50" strokewidth="3" charwidth="25" />
  <textstyle name="H15W15TH02" height="59.0551181102362" strokewidth="7.8740157480315" charwidth="59.0551181102362" />
  <padstyle name="r70_60" surface="True" plated="False" isvia="False" nopaste="False" nomask="True" complex="False" holesize="0">
    <padshape layer="TOP" shape="rectangle" width="23.622047244094" height="27.55905511811" />
    <padshape layer="TOP_SOLDER_MASK" shape="rectangle" width="31.496062992126" height="35.433070866141" />
    <padshape layer="TOP_SOLDER_PASTE" shape="rectangle" width="23.622047244094" height="27.55905511811" />
  </padstyle>
  <padstyle name="r100_70" surface="True" plated="False" isvia="False" nopaste="False" nomask="True" complex="False" holesize="0">
    <padshape layer="TOP" shape="rectangle" width="27.55905511811" height="39.370078740157" />
    <padshape layer="TOP_SOLDER_MASK" shape="rectangle" width="35.433070866141" height="47.244094488188" />
    <padshape layer="TOP_SOLDER_PASTE" shape="rectangle" width="27.55905511811" height="39.370078740157" />
  </padstyle>
  <footprint name="PRTR5V0U2X" originx="0" originy="0" pickpointx="0" pickpointy="0">
    <pcbpin number="1" name="1" style="r100_70" originx="-29.527559055118" originy="-39.370078740157" rotation="90" />
    <pcbpin number="2" name="2" style="r70_60" originx="37.401574803149" originy="-39.370078740157" rotation="0" />
    <pcbpin number="3" name="3" style="r70_60" originx="37.401574803149" originy="39.370078740157" rotation="0" />
    <pcbpin number="4" name="4" style="r70_60" originx="-37.401574803149" originy="39.370078740157" rotation="0" />
    <line layer="TOP_ASSEMBLY" originx="-57.086614173228" originy="25.590551181102" endx="57.086614173228" endy="25.590551181102" width="7.8740157480314" />
    <line layer="TOP_ASSEMBLY" originx="57.086614173228" originy="25.590551181102" endx="57.086614173228" endy="-25.590551181102" width="7.8740157480314" />
    <line layer="TOP_ASSEMBLY" originx="57.086614173228" originy="-25.590551181102" endx="-57.086614173228" endy="-25.590551181102" width="7.8740157480314" />
    <line layer="TOP_ASSEMBLY" originx="-57.086614173228" originy="-25.590551181102" endx="-57.086614173228" endy="25.590551181102" width="7.8740157480314" />
    <line layer="TOP_PLACE_BOUND" originx="-106.29921259842" originy="92.519685039369" endx="96.456692913385" endy="92.519685039369" width="3.9370078740157" />
    <line layer="TOP_PLACE_BOUND" originx="96.456692913385" originy="92.519685039369" endx="96.456692913385" endy="-92.519685039369" width="3.9370078740157" />
    <line layer="TOP_PLACE_BOUND" originx="96.456692913385" originy="-92.519685039369" endx="-106.29921259842" endy="-92.519685039369" width="3.9370078740157" />
    <line layer="TOP_PLACE_BOUND" originx="-106.29921259842" originy="-92.519685039369" endx="-106.29921259842" endy="92.519685039369" width="3.9370078740157" />
    <line layer="TOP_SILKSCREEN" originx="-66.929133858267" originy="-43.307086614173" endx="-66.929133858267" endy="-43.307086614173" width="3.9370078740157" />
    <arc layer="TOP_SILKSCREEN" originx="-64.960629921259" originy="-43.307086614173" startangle="180.0" sweepangle="180.0" radius="1.9685039370078" width="3.9370078740157" />
    <line layer="TOP_SILKSCREEN" originx="-62.992125984251" originy="-43.307086614173" endx="-62.992125984251" endy="-43.307086614173" width="3.9370078740157" />
    <arc layer="TOP_SILKSCREEN" originx="-64.960629921259" originy="-43.307086614173" startangle=".0" sweepangle="180.0" radius="1.9685039370078" width="3.9370078740157" />
    <line layer="TOP_SILKSCREEN" originx="-57.086614173228" originy="25.590551181102" endx="-57.086614173228" endy="-23.622047244094" width="3.9370078740157" />
    <line layer="TOP_SILKSCREEN" originx="57.086614173228" originy="27.55905511811" endx="57.086614173228" endy="-25.590551181102" width="3.9370078740157" />
  </footprint>
  <symbol name="PRTR5V0U2X,215" originx="0" originy="0">
    <line originx="200" originy="400" endx="800" endy="400" width="0" />
    <line originx="800" originy="-500" endx="800" endy="400" width="0" />
    <line originx="800" originy="-500" endx="200" endy="-500" width="0" />
    <line originx="200" originy="400" endx="200" endy="-500" width="0" />
    <sympin number="1" originx="500" originy="-500" rotation="270" length="100" width="7.8740157480315" flipped="False">
      <text name="pinname" originx="500" originy="-470" style="Default" rotation="0" justify="left" flipped="False" hidden="False" data="ground" />
      <text name="pindes" originx="480" originy="-560" style="Default" rotation="0" justify="lowerright" flipped="False" hidden="False" data="1" />
    </sympin>
    <sympin number="2" originx="200" originy="0" rotation="180" length="100" width="7.8740157480315" flipped="False">
      <text name="pinname" originx="230" originy="0" style="Default" rotation="0" justify="left" flipped="False" hidden="False" data="input/output_1" />
      <text name="pindes" originx="140" originy="20" style="Default" rotation="0" justify="lowerright" flipped="False" hidden="False" data="2" />
    </sympin>
    <sympin number="3" originx="200" originy="-100" rotation="180" length="100" width="7.8740157480315" flipped="False">
      <text name="pinname" originx="230" originy="-100" style="Default" rotation="0" justify="left" flipped="False" hidden="False" data="input/output_2" />
      <text name="pindes" originx="140" originy="-80" style="Default" rotation="0" justify="lowerright" flipped="False" hidden="False" data="3" />
    </sympin>
    <sympin number="4" originx="500" originy="400" rotation="90" length="100" width="7.8740157480315" flipped="False">
      <text name="pinname" originx="500" originy="370" style="Default" rotation="0" justify="right" flipped="False" hidden="False" data="supply_voltage" />
      <text name="pindes" originx="480" originy="460" style="Default" rotation="0" justify="lowerleft" flipped="False" hidden="False" data="4" />
    </sympin>
  </symbol>
  <component name="PRTR5V0U2X,215" designatorprefix="D" height="43.307086614173" footprint="PRTR5V0U2X">
    <comppin designator="1" sympin="1" pinswap="0" gateswap="0" gate="1" group="1" side="" type="Any" name="ground" />
    <comppin designator="2" sympin="2" pinswap="0" gateswap="0" gate="1" group="1" side="" type="Any" name="input/output_1" />
    <comppin designator="3" sympin="3" pinswap="0" gateswap="0" gate="1" group="1" side="" type="Any" name="input/output_2" />
    <comppin designator="4" sympin="4" pinswap="0" gateswap="0" gate="1" group="1" side="" type="Any" name="supply_voltage" />
    <attached_symbol gate="1" name="PRTR5V0U2X,215" />
    <pinmap designator="1" footprintpin="1" />
    <pinmap designator="2" footprintpin="2" />
    <pinmap designator="3" footprintpin="3" />
    <pinmap designator="4" footprintpin="4" />
    <text name="Datasheet" originx="0" originy="0" style="Default" rotation="0" justify="" flipped="False" hidden="True" data="https://assets.nexperia.com/documents/data-sheet/PRTR5V0U2X.pdf" />
    <text name="Description" originx="0" originy="0" style="Default" rotation="0" justify="" flipped="False" hidden="True" data="ESD Protection Diodes 5.5V Dual SOT143B NXP PRTR5V0U2X,215 Dual Uni-Directional TVS Diode, 4-Pin SOT-143B" />
    <text name="Mouser Part Number" originx="0" originy="0" style="Default" rotation="0" justify="" flipped="False" hidden="True" data="771-PRTR5V0U2X-T/R" />
    <text name="Mouser Price/Stock" originx="0" originy="0" style="Default" rotation="0" justify="" flipped="False" hidden="True" data="https://www.mouser.co.uk/ProductDetail/Nexperia/PRTR5V0U2X215?qs=LOCUfHb8d9sDkgY4cRj8Lw%3D%3D" />
    <text name="Manufacturer_Name" originx="0" originy="0" style="Default" rotation="0" justify="" flipped="False" hidden="True" data="Nexperia" />
    <text name="Manufacturer_Part_Number" originx="850" originy="500" style="Default" rotation="0" justify="left" flipped="False" hidden="False" data="PRTR5V0U2X,215" />
  </component>
</quadcept_library>
