Comment,Description,Designator,Footprint,LibRef,Quantity,Value

"T598D336M035ATE065","No Description Available","C1.1, C1.2","CAPMP7.6X4.3_3.1N_KEM","T598D336M035ATE065","2","33u"
"CGA6P1X7R1N106M250AC","Capacitor","C2.1, C2.2, C3.1, C3.2, C4.1, C4.2, C5.1, C5.2, C10.1, C10.2, C12.1, C12.2, C13.1, C13.2, C16.1, C16.2","CAPC3225X280N","CGA6P1X7R1N106M250AC","16","10u"
"A750MW687M1VAAE018","Capacitor Polarised","C6.1, C6.2, C8.1, C8.2, C15.1, C15.2","CAPPRD500W65D1000H1800","A750MW687M1VAAE018","6","680u"
"C0603C104K5RACTU","Capacitor","C7, C9, C17.1, C17.2, C18.1, C18.2, C25, C26, C26.1, C26.2, C27.1, C27.2, C32","CAPC1608X95N","C0603C104K5RACTU","13","100n"
"C1206C105K5RAC","Capacitor","C11, C14","CAPC3216X110N","C1206C105K5RAC","2","1u"
"C0603C689C5GACTU","Capacitor","C19.1, C19.2","CAPC1608X87N","C0603C689C5GACTU","2","6.8p"
"C0603C221K5RACTU","Capacitor","C20.1, C20.2","CAPC1608X87N","C0603C221K5RACTU","2","220p"
"C0603C102J5RACTU","Capacitor","C21.1, C21.2, C34.1, C34.2","CAPC1608X95N","C0603C104K5RACTU","4","1n"
"C1206C105M5RECTU","Capacitor","C22.1, C22.2, C35.1, C35.2","CAPC3216X130N","C1206C105M5RECTU","4","1uF"
"C1206X475M5RACAUTO","Capacitor","C23.1, C23.2","CAPC3316X195N","C1206X475M5RACAUTO","2","4.7uF"
"C0603C474K4PACTU","Capacitor","C24.1, C24.2","CAPC1608X90N","C0603C474K4PACTU","2","470n"
"C0603C103K5RACTU","Capacitor","C28.1, C28.2","CAPC1608X95N","C0603C104K5RACTU","2","10n"
"C3225X7R2A106K250AC","Capacitor","C29.1, C29.2","CAPC3225X230N","C3225X7R2A106K250AC","2","10u"
"LT8392JFE#PBF","Integrated Circuit","IC1.1, IC1.2","SOP65P640X120-29N","LT8392JFE#PBF","2",""
"MCP47FEB02A0-E_ST","Integrated Circuit","IC2","SOP65P640X120-8N","MCP47FEB02A0-E_ST","1",""
"ADUM1251ARZ","Integrated Circuit","IC3","SOIC127P600X175-8N","ADUM1251ARZ","1",""
"LTC4372CMS8#TRPBF","Integrated Circuit","IC4.1, IC4.2","SOP65P490X110-8N","LTC4372CMS8#TRPBF","2",""
"SI8640EB-B-IU","Integrated Circuit","IC5","SOP64P600X175-16N","SI8640EB-B-IU","1",""
"46437-3001","Connector","J1","464373001","46437-3001","1",""
"980TR","Connector","J2","980TR","980TR","1",""
"PQ2614BHA-100K","Inductor","L2.1, L2.2","PQ2614BLA1R0K","PQ2614BHA-100K","2","10u"
"MCP1799T-3302H_TT","Power Supply","PS1","SOT95P237X112-3N","MCP1799T-3302H_TT","1",""
"BSZ034N04LS","MOSFET (N-Channel)","Q1.1, Q1.2, Q2.1, Q2.2, Q3.1, Q3.2, Q4.1, Q4.2","BSZ060NE2LS","BSZ034N04LS","8",""
"BSC016N06NSATMA1","MOSFET N-CH 60V 30A TDSON-8","Q5.1, Q5.2, Q6.1, Q6.2","FP-PG-TDSON-8-MFG","CMP-32901-000166-1","4",""
"PCS1206FR0030ET","Resistor","R1.1, R1.2","RESC3216X68N","PCS1206FR0030ET","2","3m"
"CRCW0603100KJNEAC","Resistor","R2.1, R2.2, R7, R8","RESC1608X55N","CRCW0603100KFKEAC","4","100k"
"CRCW06034K32FKEA","Resistor","R3, R6","RESC1608X50N","CRCW06034K32FKEA","2","4.32k"
"CRCW0603255KFKEAC","Resistor","R4.1, R4.2","RESC1608X50N","CRCW0603316KFKTA","2","255k"
"CRCW0603316KFKTA","Resistor","R5.1, R5.2","RESC1608X50N","CRCW0603316KFKTA","2","316k"
"CRCW060322K1FKEB","Resistor","R9, R10","RESC1608X50N","CRCW06037K50FKEB","2","22.1k"
"CRCW06035K60JNEAC","Resistor","R18, R19","RESC1608X50N","CRCW06035K62FKEB","2","5.6k"
"CRCW060310R0JNEAC","Resistor","R24.1, R24.2","RESC1608X55N","CRCW0603100RFKEBC","2","10"
"CRCW06031K00FKECC","Resistor","R25.1, R25.2","RESC1608X55N","CRCW0603100RFKEBC","2","1k"
"CRCW06038K87FKTA","Resistor","R30.1, R30.2","RESC1608X50N","CRCW06038K87FKEA","2","8.87k"
