<?xml version="1.0" encoding="utf-8"?>
<!--/724729/986527/2.50/2/3/Fuse/-->
<quadcept_library>
  <setting unit="mil" />
  <textstyle name="Default" height="47.244094488189" strokewidth="7.8740157480315" charwidth="47.244094488189" />
  <textstyle name="Dimension" height="19.6850393700787" strokewidth="0" charwidth="19.6850393700787" />
  <textstyle name="H127W0635TH00762" height="50" strokewidth="3" charwidth="25" />
  <textstyle name="H15W15TH02" height="59.0551181102362" strokewidth="7.8740157480315" charwidth="59.0551181102362" />
  <padstyle name="r295_202" surface="True" plated="False" isvia="False" nopaste="False" nomask="True" complex="False" holesize="0">
    <padshape layer="TOP" shape="rectangle" width="79.527559055117" height="116.14173228346" />
    <padshape layer="TOP_SOLDER_MASK" shape="rectangle" width="87.401574803149" height="124.01574803149" />
    <padshape layer="TOP_SOLDER_PASTE" shape="rectangle" width="79.527559055117" height="116.14173228346" />
  </padstyle>
  <footprint name="FUSC6127X294N" originx="0" originy="0" pickpointx="0" pickpointy="0">
    <pcbpin number="1" name="1" style="r295_202" originx="-98.425196850392" originy="0" rotation="0" />
    <pcbpin number="2" name="2" style="r295_202" originx="98.425196850392" originy="0" rotation="0" />
    <line layer="TOP_PLACE_BOUND" originx="-148.03149606299" originy="67.913385826771" endx="148.03149606299" endy="67.913385826771" width="1.9685039370079" />
    <line layer="TOP_PLACE_BOUND" originx="148.03149606299" originy="67.913385826771" endx="148.03149606299" endy="-67.913385826771" width="1.9685039370079" />
    <line layer="TOP_PLACE_BOUND" originx="148.03149606299" originy="-67.913385826771" endx="-148.03149606299" endy="-67.913385826771" width="1.9685039370079" />
    <line layer="TOP_PLACE_BOUND" originx="-148.03149606299" originy="-67.913385826771" endx="-148.03149606299" endy="67.913385826771" width="1.9685039370079" />
    <line layer="TOP_ASSEMBLY" originx="-120.07874015748" originy="52.952755905511" endx="120.07874015748" endy="52.952755905511" width="3.9370078740157" />
    <line layer="TOP_ASSEMBLY" originx="120.07874015748" originy="52.952755905511" endx="120.07874015748" endy="-52.952755905511" width="3.9370078740157" />
    <line layer="TOP_ASSEMBLY" originx="120.07874015748" originy="-52.952755905511" endx="-120.07874015748" endy="-52.952755905511" width="3.9370078740157" />
    <line layer="TOP_ASSEMBLY" originx="-120.07874015748" originy="-52.952755905511" endx="-120.07874015748" endy="52.952755905511" width="3.9370078740157" />
    <line layer="TOP_SILKSCREEN" originx="0" originy="49.015748031495" endx="0" endy="-49.015748031495" width="7.8740157480314" />
  </footprint>
  <symbol name="0448.500MR" originx="0" originy="0">
    <line originx="200" originy="50" endx="500" endy="50" width="0" />
    <line originx="500" originy="-50" endx="500" endy="50" width="0" />
    <line originx="500" originy="-50" endx="200" endy="-50" width="0" />
    <line originx="200" originy="50" endx="200" endy="-50" width="0" />
    <line originx="200" originy="0" endx="500" endy="0" width="0" />
    <sympin number="1" originx="200" originy="0" rotation="180" length="100" width="7.8740157480315" flipped="False">
      <text name="pinname" originx="0" originy="-10" style="Default" rotation="0" justify="upperleft" flipped="False" hidden="True" data="1" />
      <text name="pindes" originx="0" originy="10" style="Default" rotation="0" justify="lowerleft" flipped="False" hidden="False" data="1" />
    </sympin>
    <sympin number="2" originx="500" originy="0" rotation="0" length="100" width="7.8740157480315" flipped="False">
      <text name="pinname" originx="700" originy="-10" style="Default" rotation="0" justify="upperright" flipped="False" hidden="True" data="2" />
      <text name="pindes" originx="700" originy="10" style="Default" rotation="0" justify="lowerright" flipped="False" hidden="False" data="2" />
    </sympin>
  </symbol>
  <component name="0448.500MR" designatorprefix="F" height="115.74803149606" footprint="FUSC6127X294N">
    <comppin designator="1" sympin="1" pinswap="0" gateswap="0" gate="1" group="1" side="" type="Any" name="1" />
    <comppin designator="2" sympin="2" pinswap="0" gateswap="0" gate="1" group="1" side="" type="Any" name="2" />
    <attached_symbol gate="1" name="0448.500MR" />
    <pinmap designator="1" footprintpin="1" />
    <pinmap designator="2" footprintpin="2" />
    <text name="Datasheet" originx="0" originy="0" style="Default" rotation="0" justify="" flipped="False" hidden="True" data="https://www.mouser.in/datasheet/2/240/Littelfuse_Fuse_448_Datasheet_pdf-970935.pdf" />
    <text name="Description" originx="0" originy="0" style="Default" rotation="0" justify="" flipped="False" hidden="True" data="Surface Mount Fuses 125VAC 0.5A .38ohms 448 NANO2" />
    <text name="Mouser Part Number" originx="0" originy="0" style="Default" rotation="0" justify="" flipped="False" hidden="True" data="576-0448.500MR" />
    <text name="Mouser Price/Stock" originx="0" originy="0" style="Default" rotation="0" justify="" flipped="False" hidden="True" data="https://www.mouser.co.uk/ProductDetail/Littelfuse/0448.500MR?qs=sba%2FvSn%252BnuOI9c6%252BQVFrGA%3D%3D" />
    <text name="Manufacturer_Name" originx="0" originy="0" style="Default" rotation="0" justify="" flipped="False" hidden="True" data="LITTELFUSE" />
    <text name="Manufacturer_Part_Number" originx="550" originy="150" style="Default" rotation="0" justify="left" flipped="False" hidden="False" data="0448.500MR" />
  </component>
</quadcept_library>
