<?xml version="1.0" encoding="utf-8"?>
<!--/318037/986527/2.50/2/2/Inductor/-->
<quadcept_library>
  <setting unit="mil" />
  <textstyle name="Default" height="47.244094488189" strokewidth="7.8740157480315" charwidth="47.244094488189" />
  <textstyle name="Dimension" height="19.6850393700787" strokewidth="0" charwidth="19.6850393700787" />
  <textstyle name="H127W0635TH00762" height="50" strokewidth="3" charwidth="25" />
  <textstyle name="H15W15TH02" height="59.0551181102362" strokewidth="7.8740157480315" charwidth="59.0551181102362" />
  <padstyle name="r220_170" surface="True" plated="False" isvia="False" nopaste="False" nomask="True" complex="False" holesize="0">
    <padshape layer="TOP" shape="rectangle" width="66.929133858267" height="86.614173228345" />
    <padshape layer="TOP_SOLDER_MASK" shape="rectangle" width="74.803149606298" height="94.488188976377" />
    <padshape layer="TOP_SOLDER_PASTE" shape="rectangle" width="66.929133858267" height="86.614173228345" />
  </padstyle>
  <footprint name="CLF6045_*" originx="0" originy="0" pickpointx="0" pickpointy="0">
    <pcbpin number="1" name="1" style="r220_170" originx="-104.33070866142" originy="0" rotation="0" />
    <pcbpin number="2" name="2" style="r220_170" originx="104.33070866142" originy="0" rotation="0" />
    <line layer="TOP_ASSEMBLY" originx="-122.04724409449" originy="116.14173228346" endx="122.04724409449" endy="116.14173228346" width="7.8740157480314" />
    <line layer="TOP_ASSEMBLY" originx="122.04724409449" originy="116.14173228346" endx="122.04724409449" endy="-116.14173228346" width="7.8740157480314" />
    <line layer="TOP_ASSEMBLY" originx="122.04724409449" originy="-116.14173228346" endx="-122.04724409449" endy="-116.14173228346" width="7.8740157480314" />
    <line layer="TOP_ASSEMBLY" originx="-122.04724409449" originy="-116.14173228346" endx="-122.04724409449" endy="116.14173228346" width="7.8740157480314" />
    <line layer="TOP_SILKSCREEN" originx="-122.04724409449" originy="116.14173228346" endx="122.04724409449" endy="116.14173228346" width="3.9370078740157" />
    <line layer="TOP_SILKSCREEN" originx="122.04724409449" originy="-116.14173228346" endx="-122.04724409449" endy="-116.14173228346" width="3.9370078740157" />
    <arc layer="TOP_SILKSCREEN" originx="-177.16535433071" originy="0" startangle="180" sweepangle="180" radius="1.9685039370079" width="7.8740157480314" />
    <arc layer="TOP_SILKSCREEN" originx="-177.16535433071" originy="0" startangle="180" sweepangle="-180" radius="1.9685039370079" width="7.8740157480314" />
    <line layer="TOP_PLACE_BOUND" originx="-220.47244094488" originy="163.38582677165" endx="177.16535433071" endy="163.38582677165" width="1.9685039370079" />
    <line layer="TOP_PLACE_BOUND" originx="177.16535433071" originy="163.38582677165" endx="177.16535433071" endy="-163.38582677165" width="1.9685039370079" />
    <line layer="TOP_PLACE_BOUND" originx="177.16535433071" originy="-163.38582677165" endx="-220.47244094488" endy="-163.38582677165" width="1.9685039370079" />
    <line layer="TOP_PLACE_BOUND" originx="-220.47244094488" originy="-163.38582677165" endx="-220.47244094488" endy="163.38582677165" width="1.9685039370079" />
  </footprint>
  <symbol name="CLF6045NIT-330M-D" originx="0" originy="0">
    <arc originx="250" originy="-2" startangle="177.7" sweepangle="-175.4" radius="50" width="0" />
    <arc originx="350" originy="-2" startangle="177.7" sweepangle="-175.4" radius="50" width="0" />
    <arc originx="450" originy="-2" startangle="177.7" sweepangle="-175.4" radius="50" width="0" />
    <arc originx="550" originy="-2" startangle="177.7" sweepangle="-175.4" radius="50" width="0" />
    <sympin number="1" originx="200" originy="0" rotation="180" length="100" width="7.8740157480315" flipped="False">
      <text name="pinname" originx="0" originy="-10" style="Default" rotation="0" justify="upperleft" flipped="False" hidden="True" data="1" />
      <text name="pindes" originx="0" originy="10" style="Default" rotation="0" justify="lowerleft" flipped="False" hidden="False" data="1" />
    </sympin>
    <sympin number="2" originx="600" originy="0" rotation="0" length="100" width="7.8740157480315" flipped="False">
      <text name="pinname" originx="800" originy="-10" style="Default" rotation="0" justify="upperright" flipped="False" hidden="True" data="2" />
      <text name="pindes" originx="800" originy="10" style="Default" rotation="0" justify="lowerright" flipped="False" hidden="False" data="2" />
    </sympin>
  </symbol>
  <component name="CLF6045NIT-330M-D" designatorprefix="L" height="0" footprint="CLF6045_*">
    <comppin designator="1" sympin="1" pinswap="0" gateswap="0" gate="1" group="1" side="" type="Any" name="1" />
    <comppin designator="2" sympin="2" pinswap="0" gateswap="0" gate="1" group="1" side="" type="Any" name="2" />
    <attached_symbol gate="1" name="CLF6045NIT-330M-D" />
    <pinmap designator="1" footprintpin="1" />
    <pinmap designator="2" footprintpin="2" />
    <text name="Datasheet" originx="0" originy="0" style="Default" rotation="0" justify="" flipped="False" hidden="True" data="https://product.tdk.com/system/files/dam/doc/product/inductor/inductor/smd/catalog/inductor_automotive_power_clf6045ni-d_en.pdf" />
    <text name="Description" originx="0" originy="0" style="Default" rotation="0" justify="" flipped="False" hidden="True" data="TDK CLF-NI-D Series Shielded Wire-wound SMD Inductor with a Ferrite Core, 33 uH +/-20% Wire-Wound" />
    <text name="Mouser Part Number" originx="0" originy="0" style="Default" rotation="0" justify="" flipped="False" hidden="True" data="810-CLF6045NIT330MD" />
    <text name="Mouser Price/Stock" originx="0" originy="0" style="Default" rotation="0" justify="" flipped="False" hidden="True" data="https://www.mouser.co.uk/ProductDetail/TDK/CLF6045NIT-330M-D?qs=YdQ7Kj7W0bxA8K96Mp4PlQ%3D%3D" />
    <text name="Manufacturer_Name" originx="0" originy="0" style="Default" rotation="0" justify="" flipped="False" hidden="True" data="TDK" />
    <text name="Manufacturer_Part_Number" originx="650" originy="150" style="Default" rotation="0" justify="left" flipped="False" hidden="False" data="CLF6045NIT-330M-D" />
  </component>
</quadcept_library>
