<?xml version="1.0" encoding="utf-8"?>
<!--/12689943/986527/2.50/4/4/Connector/-->
<quadcept_library>
  <setting unit="mil" />
  <textstyle name="Default" height="47.244094488189" strokewidth="7.8740157480315" charwidth="47.244094488189" />
  <textstyle name="Dimension" height="19.6850393700787" strokewidth="0" charwidth="19.6850393700787" />
  <textstyle name="H127W0635TH00762" height="50" strokewidth="3" charwidth="25" />
  <textstyle name="H15W15TH02" height="59.0551181102362" strokewidth="7.8740157480315" charwidth="59.0551181102362" />
  <padstyle name="c405_h270" surface="False" plated="True" isvia="False" nopaste="True" nomask="True" complex="False" holesize="106.29921259842">
    <padshape layer="TOP" shape="round" width="159.44881889764" height="159.44881889764" />
    <padshape layer="TOP_SOLDER_MASK" shape="round" width="167.32283464567" height="167.32283464567" />
    <padshape layer="INNER" shape="round" width="159.44881889764" height="159.44881889764" />
    <padshape layer="BOTTOM" shape="round" width="159.44881889764" height="159.44881889764" />
    <padshape layer="BOTTOM_SOLDER_MASK" shape="round" width="167.32283464567" height="167.32283464567" />
  </padstyle>
  <padstyle name="c270_h180" surface="False" plated="True" isvia="False" nopaste="True" nomask="True" complex="False" holesize="70.866141732283">
    <padshape layer="TOP" shape="round" width="106.29921259842" height="106.29921259842" />
    <padshape layer="TOP_SOLDER_MASK" shape="round" width="114.17322834646" height="114.17322834646" />
    <padshape layer="INNER" shape="round" width="106.29921259842" height="106.29921259842" />
    <padshape layer="BOTTOM" shape="round" width="106.29921259842" height="106.29921259842" />
    <padshape layer="BOTTOM_SOLDER_MASK" shape="round" width="114.17322834646" height="114.17322834646" />
  </padstyle>
  <footprint name="XT60PWM" originx="0" originy="0" pickpointx="0" pickpointy="0">
    <pcbpin number="1" name="1" style="c405_h270" originx="-141.73228346457" originy="0" rotation="90" />
    <pcbpin number="2" name="2" style="c405_h270" originx="141.73228346457" originy="0" rotation="90" />
    <pcbpin number="3" name="3" style="c270_h180" originx="265.74803149606" originy="236.22047244094" rotation="90" />
    <pcbpin number="4" name="4" style="c270_h180" originx="-265.74803149606" originy="236.22047244094" rotation="90" />
    <line layer="TOP_ASSEMBLY" originx="-305.11811023622" originy="643.70078740157" endx="305.11811023622" endy="643.70078740157" width="7.8740157480314" />
    <line layer="TOP_ASSEMBLY" originx="305.11811023622" originy="643.70078740157" endx="305.11811023622" endy="-72.83464566929" width="7.8740157480314" />
    <line layer="TOP_ASSEMBLY" originx="305.11811023622" originy="-72.83464566929" endx="-305.11811023622" endy="-72.83464566929" width="7.8740157480314" />
    <line layer="TOP_ASSEMBLY" originx="-305.11811023622" originy="-72.83464566929" endx="-305.11811023622" endy="643.70078740157" width="7.8740157480314" />
    <line layer="TOP_PLACE_BOUND" originx="-358.26771653543" originy="683.07086614172" endx="358.26771653543" endy="683.07086614172" width="3.9370078740157" />
    <line layer="TOP_PLACE_BOUND" originx="358.26771653543" originy="683.07086614172" endx="358.26771653543" endy="-119.09448818897" width="3.9370078740157" />
    <line layer="TOP_PLACE_BOUND" originx="358.26771653543" originy="-119.09448818897" endx="-358.26771653543" endy="-119.09448818897" width="3.9370078740157" />
    <line layer="TOP_PLACE_BOUND" originx="-358.26771653543" originy="-119.09448818897" endx="-358.26771653543" endy="683.07086614172" width="3.9370078740157" />
    <line layer="TOP_SILKSCREEN" originx="-305.11811023622" originy="275.5905511811" endx="-305.11811023622" endy="643.70078740157" width="3.9370078740157" />
    <line layer="TOP_SILKSCREEN" originx="-305.11811023622" originy="643.70078740157" endx="305.11811023622" endy="643.70078740157" width="3.9370078740157" />
    <line layer="TOP_SILKSCREEN" originx="305.11811023622" originy="643.70078740157" endx="305.11811023622" endy="275.5905511811" width="3.9370078740157" />
    <line layer="TOP_SILKSCREEN" originx="-305.11811023622" originy="118.11023622047" endx="-305.11811023622" endy="-72.83464566929" width="3.9370078740157" />
    <line layer="TOP_SILKSCREEN" originx="-305.11811023622" originy="-72.83464566929" endx="-220.47244094488" endy="-72.83464566929" width="3.9370078740157" />
    <line layer="TOP_SILKSCREEN" originx="212.59842519685" originy="-72.83464566929" endx="305.11811023622" endy="-72.83464566929" width="3.9370078740157" />
    <line layer="TOP_SILKSCREEN" originx="305.11811023622" originy="-72.83464566929" endx="305.11811023622" endy="118.11023622047" width="3.9370078740157" />
  </footprint>
  <symbol name="XT60PW-M" originx="0" originy="0">
    <line originx="200" originy="100" endx="600" endy="100" width="0" />
    <line originx="600" originy="-200" endx="600" endy="100" width="0" />
    <line originx="600" originy="-200" endx="200" endy="-200" width="0" />
    <line originx="200" originy="100" endx="200" endy="-200" width="0" />
    <sympin number="1" originx="200" originy="0" rotation="180" length="100" width="7.8740157480315" flipped="False">
      <text name="pinname" originx="230" originy="0" style="Default" rotation="0" justify="left" flipped="False" hidden="False" data="1" />
      <text name="pindes" originx="140" originy="20" style="Default" rotation="0" justify="lowerright" flipped="False" hidden="False" data="1" />
    </sympin>
    <sympin number="2" originx="200" originy="-100" rotation="180" length="100" width="7.8740157480315" flipped="False">
      <text name="pinname" originx="230" originy="-100" style="Default" rotation="0" justify="left" flipped="False" hidden="False" data="2" />
      <text name="pindes" originx="140" originy="-80" style="Default" rotation="0" justify="lowerright" flipped="False" hidden="False" data="2" />
    </sympin>
    <sympin number="3" originx="600" originy="-100" rotation="0" length="100" width="7.8740157480315" flipped="False">
      <text name="pinname" originx="570" originy="-100" style="Default" rotation="0" justify="right" flipped="False" hidden="False" data="3" />
      <text name="pindes" originx="660" originy="-80" style="Default" rotation="0" justify="lowerleft" flipped="False" hidden="False" data="3" />
    </sympin>
    <sympin number="4" originx="600" originy="0" rotation="0" length="100" width="7.8740157480315" flipped="False">
      <text name="pinname" originx="570" originy="0" style="Default" rotation="0" justify="right" flipped="False" hidden="False" data="4" />
      <text name="pindes" originx="660" originy="20" style="Default" rotation="0" justify="lowerleft" flipped="False" hidden="False" data="4" />
    </sympin>
  </symbol>
  <component name="XT60PW-M" designatorprefix="J" height="330.70866141732" footprint="XT60PWM">
    <comppin designator="1" sympin="1" pinswap="0" gateswap="0" gate="1" group="1" side="" type="Any" name="1" />
    <comppin designator="2" sympin="2" pinswap="0" gateswap="0" gate="1" group="1" side="" type="Any" name="2" />
    <comppin designator="3" sympin="3" pinswap="0" gateswap="0" gate="1" group="1" side="" type="Any" name="3" />
    <comppin designator="4" sympin="4" pinswap="0" gateswap="0" gate="1" group="1" side="" type="Any" name="4" />
    <attached_symbol gate="1" name="XT60PW-M" />
    <pinmap designator="1" footprintpin="1" />
    <pinmap designator="2" footprintpin="2" />
    <pinmap designator="3" footprintpin="3" />
    <pinmap designator="4" footprintpin="4" />
    <text name="Datasheet" originx="0" originy="0" style="Default" rotation="0" justify="" flipped="False" hidden="True" data="https://www.tme.eu/Document/9b8d0c5eb7094295f3d3112c214d3ade/XT60PW SPEC.pdf" />
    <text name="Description" originx="0" originy="0" style="Default" rotation="0" justify="" flipped="False" hidden="True" data="Socket; DC supply; XT60; male; PIN: 2; on PCBs; THT; Colour: yellow" />
    <text name="Manufacturer_Name" originx="0" originy="0" style="Default" rotation="0" justify="" flipped="False" hidden="True" data="Changzou Amass Elec" />
    <text name="Manufacturer_Part_Number" originx="650" originy="200" style="Default" rotation="0" justify="left" flipped="False" hidden="False" data="XT60PW-M" />
    <text name="Mouser Part Number" originx="0" originy="0" style="Default" rotation="0" justify="" flipped="False" hidden="True" data="" />
    <text name="Mouser Price/Stock" originx="0" originy="0" style="Default" rotation="0" justify="" flipped="False" hidden="True" data="" />
    <text name="Arrow Part Number" originx="0" originy="0" style="Default" rotation="0" justify="" flipped="False" hidden="True" data="" />
    <text name="Arrow Price/Stock" originx="0" originy="0" style="Default" rotation="0" justify="" flipped="False" hidden="True" data="" />
  </component>
</quadcept_library>
