<?xml version="1.0" encoding="utf-8"?>
<!--/849693/986527/2.50/2/3/Capacitor/-->
<quadcept_library>
  <setting unit="mil" />
  <textstyle name="Default" height="47.244094488189" strokewidth="7.8740157480315" charwidth="47.244094488189" />
  <textstyle name="Dimension" height="19.6850393700787" strokewidth="0" charwidth="19.6850393700787" />
  <textstyle name="H127W0635TH00762" height="50" strokewidth="3" charwidth="25" />
  <textstyle name="H15W15TH02" height="59.0551181102362" strokewidth="7.8740157480315" charwidth="59.0551181102362" />
  <padstyle name="r98_76" surface="True" plated="False" isvia="False" nopaste="False" nomask="True" complex="False" holesize="0">
    <padshape layer="TOP" shape="rectangle" width="29.921259842519" height="38.582677165354" />
    <padshape layer="TOP_SOLDER_MASK" shape="rectangle" width="37.795275590551" height="46.456692913385" />
    <padshape layer="TOP_SOLDER_PASTE" shape="rectangle" width="29.921259842519" height="38.582677165354" />
  </padstyle>
  <footprint name="CAPC1608X95N" originx="0" originy="0" pickpointx="0" pickpointy="0">
    <pcbpin number="1" name="1" style="r98_76" originx="-27.952755905511" originy="0" rotation="0" />
    <pcbpin number="2" name="2" style="r98_76" originx="27.952755905511" originy="0" rotation="0" />
    <line layer="TOP_PLACE_BOUND" originx="-48.818897637795" originy="25.1968503937" endx="48.818897637795" endy="25.1968503937" width="1.9685039370079" />
    <line layer="TOP_PLACE_BOUND" originx="48.818897637795" originy="25.1968503937" endx="48.818897637795" endy="-25.1968503937" width="1.9685039370079" />
    <line layer="TOP_PLACE_BOUND" originx="48.818897637795" originy="-25.1968503937" endx="-48.818897637795" endy="-25.1968503937" width="1.9685039370079" />
    <line layer="TOP_PLACE_BOUND" originx="-48.818897637795" originy="-25.1968503937" endx="-48.818897637795" endy="25.1968503937" width="1.9685039370079" />
    <line layer="TOP_ASSEMBLY" originx="-31.496062992126" originy="15.748031496063" endx="31.496062992126" endy="15.748031496063" width="3.9370078740157" />
    <line layer="TOP_ASSEMBLY" originx="31.496062992126" originy="15.748031496063" endx="31.496062992126" endy="-15.748031496063" width="3.9370078740157" />
    <line layer="TOP_ASSEMBLY" originx="31.496062992126" originy="-15.748031496063" endx="-31.496062992126" endy="-15.748031496063" width="3.9370078740157" />
    <line layer="TOP_ASSEMBLY" originx="-31.496062992126" originy="-15.748031496063" endx="-31.496062992126" endy="15.748031496063" width="3.9370078740157" />
  </footprint>
  <symbol name="CL10B475KQ8NQNC" originx="0" originy="0">
    <line originx="220" originy="100" endx="220" endy="-100" width="0" />
    <line originx="280" originy="100" endx="280" endy="-100" width="0" />
    <line originx="200" originy="0" endx="220" endy="0" width="0" />
    <line originx="280" originy="0" endx="300" endy="0" width="0" />
    <sympin number="1" originx="200" originy="0" rotation="180" length="100" width="7.8740157480315" flipped="False">
      <text name="pinname" originx="0" originy="-10" style="Default" rotation="0" justify="upperleft" flipped="False" hidden="True" data="1" />
      <text name="pindes" originx="0" originy="10" style="Default" rotation="0" justify="lowerleft" flipped="False" hidden="False" data="1" />
    </sympin>
    <sympin number="2" originx="300" originy="0" rotation="0" length="100" width="7.8740157480315" flipped="False">
      <text name="pinname" originx="500" originy="-10" style="Default" rotation="0" justify="upperright" flipped="False" hidden="True" data="2" />
      <text name="pindes" originx="500" originy="10" style="Default" rotation="0" justify="lowerright" flipped="False" hidden="False" data="2" />
    </sympin>
  </symbol>
  <component name="CL10B475KQ8NQNC" designatorprefix="C" height="37.401574803149" footprint="CAPC1608X95N">
    <comppin designator="1" sympin="1" pinswap="0" gateswap="0" gate="1" group="1" side="" type="Any" name="1" />
    <comppin designator="2" sympin="2" pinswap="0" gateswap="0" gate="1" group="1" side="" type="Any" name="2" />
    <attached_symbol gate="1" name="CL10B475KQ8NQNC" />
    <pinmap designator="1" footprintpin="1" />
    <pinmap designator="2" footprintpin="2" />
    <text name="Datasheet" originx="0" originy="0" style="Default" rotation="0" justify="" flipped="False" hidden="True" data="https://datasheet.datasheetarchive.com/originals/distributors/Datasheets-DGA10/2410603.pdf" />
    <text name="Description" originx="0" originy="0" style="Default" rotation="0" justify="" flipped="False" hidden="True" data="CAP CER 4.7UF 6.3V X7R 0603" />
    <text name="Mouser Part Number" originx="0" originy="0" style="Default" rotation="0" justify="" flipped="False" hidden="True" data="187-CL10B475KQ8NQNC" />
    <text name="Mouser Price/Stock" originx="0" originy="0" style="Default" rotation="0" justify="" flipped="False" hidden="True" data="https://www.mouser.co.uk/ProductDetail/Samsung-Electro-Mechanics/CL10B475KQ8NQNC?qs=6tbHoouHnQxd6rcaSwpT7Q%3D%3D" />
    <text name="Manufacturer_Name" originx="0" originy="0" style="Default" rotation="0" justify="" flipped="False" hidden="True" data="SAMSUNG" />
    <text name="Manufacturer_Part_Number" originx="350" originy="150" style="Default" rotation="0" justify="left" flipped="False" hidden="False" data="CL10B475KQ8NQNC" />
  </component>
</quadcept_library>
