<?xml version="1.0" encoding="utf-8"?>
<!--/279071/986527/2.50/2/4/Fuse/-->
<quadcept_library>
  <setting unit="mil" />
  <textstyle name="Default" height="47.244094488189" strokewidth="7.8740157480315" charwidth="47.244094488189" />
  <textstyle name="Dimension" height="19.6850393700787" strokewidth="0" charwidth="19.6850393700787" />
  <textstyle name="H127W0635TH00762" height="50" strokewidth="3" charwidth="25" />
  <textstyle name="H15W15TH02" height="59.0551181102362" strokewidth="7.8740157480315" charwidth="59.0551181102362" />
  <padstyle name="c579_h386" surface="False" plated="True" isvia="False" nopaste="True" nomask="True" complex="False" holesize="151.96850393701">
    <padshape layer="TOP" shape="round" width="227.95275590551" height="227.95275590551" />
    <padshape layer="TOP_SOLDER_MASK" shape="round" width="235.82677165354" height="235.82677165354" />
    <padshape layer="INNER" shape="round" width="227.95275590551" height="227.95275590551" />
    <padshape layer="BOTTOM" shape="round" width="227.95275590551" height="227.95275590551" />
    <padshape layer="BOTTOM_SOLDER_MASK" shape="round" width="235.82677165354" height="235.82677165354" />
  </padstyle>
  <footprint name="3555" originx="0" originy="0" pickpointx="0" pickpointy="0">
    <pcbpin number="1" name="1" style="c579_h386" originx="8.8582677165353" originy="7.8740157480314" rotation="90" />
    <pcbpin number="2" name="2" style="c579_h386" originx="337.59842519685" originy="7.8740157480314" rotation="90" />
    <line layer="TOP_ASSEMBLY" originx="-37.401574803149" originy="204.72440944882" endx="383.85826771653" endy="204.72440944882" width="7.8740157480314" />
    <line layer="TOP_ASSEMBLY" originx="383.85826771653" originy="204.72440944882" endx="383.85826771653" endy="-188.97637795275" width="7.8740157480314" />
    <line layer="TOP_ASSEMBLY" originx="383.85826771653" originy="-188.97637795275" endx="-37.401574803149" endy="-188.97637795275" width="7.8740157480314" />
    <line layer="TOP_ASSEMBLY" originx="-37.401574803149" originy="-188.97637795275" endx="-37.401574803149" endy="204.72440944882" width="7.8740157480314" />
    <line layer="TOP_PLACE_BOUND" originx="-144.48818897638" originy="244.09448818897" endx="490.94488188976" endy="244.09448818897" width="3.9370078740157" />
    <line layer="TOP_PLACE_BOUND" originx="490.94488188976" originy="244.09448818897" endx="490.94488188976" endy="-228.34645669291" width="3.9370078740157" />
    <line layer="TOP_PLACE_BOUND" originx="490.94488188976" originy="-228.34645669291" endx="-144.48818897638" endy="-228.34645669291" width="3.9370078740157" />
    <line layer="TOP_PLACE_BOUND" originx="-144.48818897638" originy="-228.34645669291" endx="-144.48818897638" endy="244.09448818897" width="3.9370078740157" />
    <line layer="TOP_SILKSCREEN" originx="-37.401574803149" originy="118.11023622047" endx="-37.401574803149" endy="204.72440944882" width="3.9370078740157" />
    <line layer="TOP_SILKSCREEN" originx="-37.401574803149" originy="204.72440944882" endx="383.85826771653" endy="204.72440944882" width="3.9370078740157" />
    <line layer="TOP_SILKSCREEN" originx="383.85826771653" originy="204.72440944882" endx="383.85826771653" endy="125.9842519685" width="3.9370078740157" />
    <line layer="TOP_SILKSCREEN" originx="383.85826771653" originy="125.9842519685" endx="383.85826771653" endy="125.9842519685" width="3.9370078740157" />
    <line layer="TOP_SILKSCREEN" originx="-37.401574803149" originy="-118.11023622047" endx="-37.401574803149" endy="-188.97637795275" width="3.9370078740157" />
    <line layer="TOP_SILKSCREEN" originx="-37.401574803149" originy="-188.97637795275" endx="383.85826771653" endy="-188.97637795275" width="3.9370078740157" />
    <line layer="TOP_SILKSCREEN" originx="383.85826771653" originy="-188.97637795275" endx="383.85826771653" endy="-118.11023622047" width="3.9370078740157" />
    <line layer="TOP_SILKSCREEN" originx="383.85826771653" originy="-118.11023622047" endx="383.85826771653" endy="-118.11023622047" width="3.9370078740157" />
  </footprint>
  <symbol name="3555" originx="0" originy="0">
    <line originx="200" originy="50" endx="500" endy="50" width="0" />
    <line originx="500" originy="-50" endx="500" endy="50" width="0" />
    <line originx="500" originy="-50" endx="200" endy="-50" width="0" />
    <line originx="200" originy="50" endx="200" endy="-50" width="0" />
    <line originx="200" originy="0" endx="500" endy="0" width="0" />
    <sympin number="1" originx="200" originy="0" rotation="180" length="100" width="7.8740157480315" flipped="False">
      <text name="pinname" originx="0" originy="-10" style="Default" rotation="0" justify="upperleft" flipped="False" hidden="True" data="1" />
      <text name="pindes" originx="0" originy="10" style="Default" rotation="0" justify="lowerleft" flipped="False" hidden="False" data="1" />
    </sympin>
    <sympin number="2" originx="500" originy="0" rotation="0" length="100" width="7.8740157480315" flipped="False">
      <text name="pinname" originx="700" originy="-10" style="Default" rotation="0" justify="upperright" flipped="False" hidden="True" data="2" />
      <text name="pindes" originx="700" originy="10" style="Default" rotation="0" justify="lowerright" flipped="False" hidden="False" data="2" />
    </sympin>
  </symbol>
  <component name="3555" designatorprefix="F" height="181.10236220472" footprint="3555">
    <comppin designator="1" sympin="1" pinswap="0" gateswap="0" gate="1" group="1" side="" type="Any" name="1" />
    <comppin designator="2" sympin="2" pinswap="0" gateswap="0" gate="1" group="1" side="" type="Any" name="2" />
    <attached_symbol gate="1" name="3555" />
    <pinmap designator="1" footprintpin="1" />
    <pinmap designator="2" footprintpin="2" />
    <text name="Datasheet" originx="0" originy="0" style="Default" rotation="0" justify="" flipped="False" hidden="True" data="https://componentsearchengine.com/Datasheets/2/3555.pdf" />
    <text name="Description" originx="0" originy="0" style="Default" rotation="0" justify="" flipped="False" hidden="True" data="Keystone Tin Nickel Plated Copper Through Hole PCB Mount Fuse Clip for 7.9 x 0.8mm Automotive Fuse" />
    <text name="Mouser Part Number" originx="0" originy="0" style="Default" rotation="0" justify="" flipped="False" hidden="True" data="534-3555" />
    <text name="Mouser Price/Stock" originx="0" originy="0" style="Default" rotation="0" justify="" flipped="False" hidden="True" data="https://www.mouser.co.uk/ProductDetail/Keystone-Electronics/3555?qs=qOqV1E1P08QI697WpZIiyQ%3D%3D" />
    <text name="Manufacturer_Name" originx="0" originy="0" style="Default" rotation="0" justify="" flipped="False" hidden="True" data="Keystone Electronics" />
    <text name="Manufacturer_Part_Number" originx="550" originy="150" style="Default" rotation="0" justify="left" flipped="False" hidden="False" data="3555" />
  </component>
</quadcept_library>
